Issue ID,Description,State,Severity,Story Points,Project Path,Location Kind,Path,Line,Column,Incident ID,Help Link,Assembly Name,Assembly Version,Assembly Public Key,Snippet
NuGet.0002,NuGet package upgrade is recommended,Active,Potential,1,Maui_Task\Maui_Task\Maui_Task.csproj,File,Maui_Task\Maui_Task\Maui_Task.csproj,,,Microsoft.Extensions.Logging.Debug 9.0.0,,,,,"Microsoft.Extensions.Logging.Debug, 9.0.0  Recommendation:  Remove Microsoft.Extensions.Logging.Debug, and replace with new package Microsoft.Extensions.Logging.Debug 10.0.5"
Project.0002,Project's target framework(s) needs to be changed,Active,Mandatory,1,Maui_Task\Maui_Task\Maui_Task.csproj,File,Maui_Task\Maui_Task\Maui_Task.csproj,,,,,,,,Current target framework: net9.0-android;net9.0-ios;net9.0-maccatalyst;net9.0-windows10.0.19041.0 Recommended target framework: net9.0-android;net9.0-ios;net9.0-maccatalyst;net9.0-windows10.0.19041.0;net10.0-windows
Api.0002,Source incompatible for selected .NET version,Active,Potential,1,Maui_Task\Maui_Task\Maui_Task.csproj,File,Maui_Task\Maui_Task\obj\Debug\net9.0-android\Microsoft.Maui.Controls.BindingSourceGen\Microsoft.Maui.Controls.BindingSourceGen.BindingSourceGenerator\GeneratedBindingInterceptorsCommon.g.cs,24,2,T:Microsoft.Maui.Controls.BindingMode,,,,,private static bool ShouldUseSetter(BindingMode mode)
Api.0002,Source incompatible for selected .NET version,Active,Potential,1,Maui_Task\Maui_Task\Maui_Task.csproj,File,Maui_Task\Maui_Task\obj\Debug\net9.0-android\Microsoft.Maui.Controls.BindingSourceGen\Microsoft.Maui.Controls.BindingSourceGen.BindingSourceGenerator\GeneratedBindingInterceptorsCommon.g.cs,27,15,T:Microsoft.Maui.Controls.BindingMode,,,,,BindingMode.Default
Api.0002,Source incompatible for selected .NET version,Active,Potential,1,Maui_Task\Maui_Task\Maui_Task.csproj,File,Maui_Task\Maui_Task\obj\Debug\net9.0-android\Microsoft.Maui.Controls.BindingSourceGen\Microsoft.Maui.Controls.BindingSourceGen.BindingSourceGenerator\GeneratedBindingInterceptorsCommon.g.cs,27,15,T:Microsoft.Maui.Controls.BindingMode,,,,,BindingMode.Default
Api.0002,Source incompatible for selected .NET version,Active,Potential,1,Maui_Task\Maui_Task\Maui_Task.csproj,File,Maui_Task\Maui_Task\obj\Debug\net9.0-android\Microsoft.Maui.Controls.BindingSourceGen\Microsoft.Maui.Controls.BindingSourceGen.BindingSourceGenerator\GeneratedBindingInterceptorsCommon.g.cs,27,15,F:Microsoft.Maui.Controls.BindingMode.Default,,,,,BindingMode.Default
Api.0002,Source incompatible for selected .NET version,Active,Potential,1,Maui_Task\Maui_Task\Maui_Task.csproj,File,Maui_Task\Maui_Task\obj\Debug\net9.0-android\Microsoft.Maui.Controls.BindingSourceGen\Microsoft.Maui.Controls.BindingSourceGen.BindingSourceGenerator\GeneratedBindingInterceptorsCommon.g.cs,26,15,T:Microsoft.Maui.Controls.BindingMode,,,,,BindingMode.TwoWay
Api.0002,Source incompatible for selected .NET version,Active,Potential,1,Maui_Task\Maui_Task\Maui_Task.csproj,File,Maui_Task\Maui_Task\obj\Debug\net9.0-android\Microsoft.Maui.Controls.BindingSourceGen\Microsoft.Maui.Controls.BindingSourceGen.BindingSourceGenerator\GeneratedBindingInterceptorsCommon.g.cs,26,15,T:Microsoft.Maui.Controls.BindingMode,,,,,BindingMode.TwoWay
Api.0002,Source incompatible for selected .NET version,Active,Potential,1,Maui_Task\Maui_Task\Maui_Task.csproj,File,Maui_Task\Maui_Task\obj\Debug\net9.0-android\Microsoft.Maui.Controls.BindingSourceGen\Microsoft.Maui.Controls.BindingSourceGen.BindingSourceGenerator\GeneratedBindingInterceptorsCommon.g.cs,26,15,F:Microsoft.Maui.Controls.BindingMode.TwoWay,,,,,BindingMode.TwoWay
Api.0002,Source incompatible for selected .NET version,Active,Potential,1,Maui_Task\Maui_Task\Maui_Task.csproj,File,Maui_Task\Maui_Task\obj\Debug\net9.0-android\Microsoft.Maui.Controls.BindingSourceGen\Microsoft.Maui.Controls.BindingSourceGen.BindingSourceGenerator\GeneratedBindingInterceptorsCommon.g.cs,25,14,T:Microsoft.Maui.Controls.BindingMode,,,,,BindingMode.OneWayToSource
Api.0002,Source incompatible for selected .NET version,Active,Potential,1,Maui_Task\Maui_Task\Maui_Task.csproj,File,Maui_Task\Maui_Task\obj\Debug\net9.0-android\Microsoft.Maui.Controls.BindingSourceGen\Microsoft.Maui.Controls.BindingSourceGen.BindingSourceGenerator\GeneratedBindingInterceptorsCommon.g.cs,25,14,T:Microsoft.Maui.Controls.BindingMode,,,,,BindingMode.OneWayToSource
Api.0002,Source incompatible for selected .NET version,Active,Potential,1,Maui_Task\Maui_Task\Maui_Task.csproj,File,Maui_Task\Maui_Task\obj\Debug\net9.0-android\Microsoft.Maui.Controls.BindingSourceGen\Microsoft.Maui.Controls.BindingSourceGen.BindingSourceGenerator\GeneratedBindingInterceptorsCommon.g.cs,25,14,F:Microsoft.Maui.Controls.BindingMode.OneWayToSource,,,,,BindingMode.OneWayToSource
Api.0002,Source incompatible for selected .NET version,Active,Potential,1,Maui_Task\Maui_Task\Maui_Task.csproj,File,Maui_Task\Maui_Task\obj\Debug\net9.0-android\Microsoft.Maui.Controls.BindingSourceGen\Microsoft.Maui.Controls.BindingSourceGen.BindingSourceGenerator\GeneratedBindingInterceptorsCommon.g.cs,17,2,T:Microsoft.Maui.Controls.BindableProperty,,,,,"private static bool ShouldUseSetter(BindingMode mode, BindableProperty bindableProperty)"
Api.0002,Source incompatible for selected .NET version,Active,Potential,1,Maui_Task\Maui_Task\Maui_Task.csproj,File,Maui_Task\Maui_Task\obj\Debug\net9.0-android\Microsoft.Maui.Controls.BindingSourceGen\Microsoft.Maui.Controls.BindingSourceGen.BindingSourceGenerator\GeneratedBindingInterceptorsCommon.g.cs,17,2,T:Microsoft.Maui.Controls.BindingMode,,,,,"private static bool ShouldUseSetter(BindingMode mode, BindableProperty bindableProperty)"
Api.0002,Source incompatible for selected .NET version,Active,Potential,1,Maui_Task\Maui_Task\Maui_Task.csproj,File,Maui_Task\Maui_Task\obj\Debug\net9.0-android\Microsoft.Maui.Controls.BindingSourceGen\Microsoft.Maui.Controls.BindingSourceGen.BindingSourceGenerator\GeneratedBindingInterceptorsCommon.g.cs,22,48,T:Microsoft.Maui.Controls.BindingMode,,,,,BindingMode.TwoWay
Api.0002,Source incompatible for selected .NET version,Active,Potential,1,Maui_Task\Maui_Task\Maui_Task.csproj,File,Maui_Task\Maui_Task\obj\Debug\net9.0-android\Microsoft.Maui.Controls.BindingSourceGen\Microsoft.Maui.Controls.BindingSourceGen.BindingSourceGenerator\GeneratedBindingInterceptorsCommon.g.cs,22,48,T:Microsoft.Maui.Controls.BindingMode,,,,,BindingMode.TwoWay
Api.0002,Source incompatible for selected .NET version,Active,Potential,1,Maui_Task\Maui_Task\Maui_Task.csproj,File,Maui_Task\Maui_Task\obj\Debug\net9.0-android\Microsoft.Maui.Controls.BindingSourceGen\Microsoft.Maui.Controls.BindingSourceGen.BindingSourceGenerator\GeneratedBindingInterceptorsCommon.g.cs,22,48,F:Microsoft.Maui.Controls.BindingMode.TwoWay,,,,,BindingMode.TwoWay
Api.0002,Source incompatible for selected .NET version,Active,Potential,1,Maui_Task\Maui_Task\Maui_Task.csproj,File,Maui_Task\Maui_Task\obj\Debug\net9.0-android\Microsoft.Maui.Controls.BindingSourceGen\Microsoft.Maui.Controls.BindingSourceGen.BindingSourceGenerator\GeneratedBindingInterceptorsCommon.g.cs,22,9,T:Microsoft.Maui.Controls.BindingMode,,,,,bindableProperty.DefaultBindingMode
Api.0002,Source incompatible for selected .NET version,Active,Potential,1,Maui_Task\Maui_Task\Maui_Task.csproj,File,Maui_Task\Maui_Task\obj\Debug\net9.0-android\Microsoft.Maui.Controls.BindingSourceGen\Microsoft.Maui.Controls.BindingSourceGen.BindingSourceGenerator\GeneratedBindingInterceptorsCommon.g.cs,22,9,P:Microsoft.Maui.Controls.BindableProperty.DefaultBindingMode,,,,,bindableProperty.DefaultBindingMode
Api.0002,Source incompatible for selected .NET version,Active,Potential,1,Maui_Task\Maui_Task\Maui_Task.csproj,File,Maui_Task\Maui_Task\obj\Debug\net9.0-android\Microsoft.Maui.Controls.BindingSourceGen\Microsoft.Maui.Controls.BindingSourceGen.BindingSourceGenerator\GeneratedBindingInterceptorsCommon.g.cs,21,48,T:Microsoft.Maui.Controls.BindingMode,,,,,BindingMode.OneWayToSource
Api.0002,Source incompatible for selected .NET version,Active,Potential,1,Maui_Task\Maui_Task\Maui_Task.csproj,File,Maui_Task\Maui_Task\obj\Debug\net9.0-android\Microsoft.Maui.Controls.BindingSourceGen\Microsoft.Maui.Controls.BindingSourceGen.BindingSourceGenerator\GeneratedBindingInterceptorsCommon.g.cs,21,48,T:Microsoft.Maui.Controls.BindingMode,,,,,BindingMode.OneWayToSource
Api.0002,Source incompatible for selected .NET version,Active,Potential,1,Maui_Task\Maui_Task\Maui_Task.csproj,File,Maui_Task\Maui_Task\obj\Debug\net9.0-android\Microsoft.Maui.Controls.BindingSourceGen\Microsoft.Maui.Controls.BindingSourceGen.BindingSourceGenerator\GeneratedBindingInterceptorsCommon.g.cs,21,48,F:Microsoft.Maui.Controls.BindingMode.OneWayToSource,,,,,BindingMode.OneWayToSource
Api.0002,Source incompatible for selected .NET version,Active,Potential,1,Maui_Task\Maui_Task\Maui_Task.csproj,File,Maui_Task\Maui_Task\obj\Debug\net9.0-android\Microsoft.Maui.Controls.BindingSourceGen\Microsoft.Maui.Controls.BindingSourceGen.BindingSourceGenerator\GeneratedBindingInterceptorsCommon.g.cs,21,9,T:Microsoft.Maui.Controls.BindingMode,,,,,bindableProperty.DefaultBindingMode
Api.0002,Source incompatible for selected .NET version,Active,Potential,1,Maui_Task\Maui_Task\Maui_Task.csproj,File,Maui_Task\Maui_Task\obj\Debug\net9.0-android\Microsoft.Maui.Controls.BindingSourceGen\Microsoft.Maui.Controls.BindingSourceGen.BindingSourceGenerator\GeneratedBindingInterceptorsCommon.g.cs,21,9,P:Microsoft.Maui.Controls.BindableProperty.DefaultBindingMode,,,,,bindableProperty.DefaultBindingMode
Api.0002,Source incompatible for selected .NET version,Active,Potential,1,Maui_Task\Maui_Task\Maui_Task.csproj,File,Maui_Task\Maui_Task\obj\Debug\net9.0-android\Microsoft.Maui.Controls.BindingSourceGen\Microsoft.Maui.Controls.BindingSourceGen.BindingSourceGenerator\GeneratedBindingInterceptorsCommon.g.cs,20,16,T:Microsoft.Maui.Controls.BindingMode,,,,,BindingMode.Default
Api.0002,Source incompatible for selected .NET version,Active,Potential,1,Maui_Task\Maui_Task\Maui_Task.csproj,File,Maui_Task\Maui_Task\obj\Debug\net9.0-android\Microsoft.Maui.Controls.BindingSourceGen\Microsoft.Maui.Controls.BindingSourceGen.BindingSourceGenerator\GeneratedBindingInterceptorsCommon.g.cs,20,16,T:Microsoft.Maui.Controls.BindingMode,,,,,BindingMode.Default
Api.0002,Source incompatible for selected .NET version,Active,Potential,1,Maui_Task\Maui_Task\Maui_Task.csproj,File,Maui_Task\Maui_Task\obj\Debug\net9.0-android\Microsoft.Maui.Controls.BindingSourceGen\Microsoft.Maui.Controls.BindingSourceGen.BindingSourceGenerator\GeneratedBindingInterceptorsCommon.g.cs,20,16,F:Microsoft.Maui.Controls.BindingMode.Default,,,,,BindingMode.Default
Api.0002,Source incompatible for selected .NET version,Active,Potential,1,Maui_Task\Maui_Task\Maui_Task.csproj,File,Maui_Task\Maui_Task\obj\Debug\net9.0-android\Microsoft.Maui.Controls.BindingSourceGen\Microsoft.Maui.Controls.BindingSourceGen.BindingSourceGenerator\GeneratedBindingInterceptorsCommon.g.cs,19,15,T:Microsoft.Maui.Controls.BindingMode,,,,,BindingMode.TwoWay
Api.0002,Source incompatible for selected .NET version,Active,Potential,1,Maui_Task\Maui_Task\Maui_Task.csproj,File,Maui_Task\Maui_Task\obj\Debug\net9.0-android\Microsoft.Maui.Controls.BindingSourceGen\Microsoft.Maui.Controls.BindingSourceGen.BindingSourceGenerator\GeneratedBindingInterceptorsCommon.g.cs,19,15,T:Microsoft.Maui.Controls.BindingMode,,,,,BindingMode.TwoWay
Api.0002,Source incompatible for selected .NET version,Active,Potential,1,Maui_Task\Maui_Task\Maui_Task.csproj,File,Maui_Task\Maui_Task\obj\Debug\net9.0-android\Microsoft.Maui.Controls.BindingSourceGen\Microsoft.Maui.Controls.BindingSourceGen.BindingSourceGenerator\GeneratedBindingInterceptorsCommon.g.cs,19,15,F:Microsoft.Maui.Controls.BindingMode.TwoWay,,,,,BindingMode.TwoWay
Api.0002,Source incompatible for selected .NET version,Active,Potential,1,Maui_Task\Maui_Task\Maui_Task.csproj,File,Maui_Task\Maui_Task\obj\Debug\net9.0-android\Microsoft.Maui.Controls.BindingSourceGen\Microsoft.Maui.Controls.BindingSourceGen.BindingSourceGenerator\GeneratedBindingInterceptorsCommon.g.cs,18,14,T:Microsoft.Maui.Controls.BindingMode,,,,,BindingMode.OneWayToSource
Api.0002,Source incompatible for selected .NET version,Active,Potential,1,Maui_Task\Maui_Task\Maui_Task.csproj,File,Maui_Task\Maui_Task\obj\Debug\net9.0-android\Microsoft.Maui.Controls.BindingSourceGen\Microsoft.Maui.Controls.BindingSourceGen.BindingSourceGenerator\GeneratedBindingInterceptorsCommon.g.cs,18,14,T:Microsoft.Maui.Controls.BindingMode,,,,,BindingMode.OneWayToSource
Api.0002,Source incompatible for selected .NET version,Active,Potential,1,Maui_Task\Maui_Task\Maui_Task.csproj,File,Maui_Task\Maui_Task\obj\Debug\net9.0-android\Microsoft.Maui.Controls.BindingSourceGen\Microsoft.Maui.Controls.BindingSourceGen.BindingSourceGenerator\GeneratedBindingInterceptorsCommon.g.cs,18,14,F:Microsoft.Maui.Controls.BindingMode.OneWayToSource,,,,,BindingMode.OneWayToSource
Api.0002,Source incompatible for selected .NET version,Active,Potential,1,Maui_Task\Maui_Task\Maui_Task.csproj,File,Maui_Task\Maui_Task\Services\FormFactor.cs,13,12,T:Microsoft.Maui.Devices.DeviceInfo,,,,,"return DeviceInfo.Platform.ToString() + "" - "" + DeviceInfo.VersionString;"
Api.0002,Source incompatible for selected .NET version,Active,Potential,1,Maui_Task\Maui_Task\Maui_Task.csproj,File,Maui_Task\Maui_Task\Services\FormFactor.cs,13,12,P:Microsoft.Maui.Devices.DeviceInfo.VersionString,,,,,"return DeviceInfo.Platform.ToString() + "" - "" + DeviceInfo.VersionString;"
Api.0002,Source incompatible for selected .NET version,Active,Potential,1,Maui_Task\Maui_Task\Maui_Task.csproj,File,Maui_Task\Maui_Task\Services\FormFactor.cs,13,12,T:Microsoft.Maui.Devices.DeviceInfo,,,,,"return DeviceInfo.Platform.ToString() + "" - "" + DeviceInfo.VersionString;"
Api.0002,Source incompatible for selected .NET version,Active,Potential,1,Maui_Task\Maui_Task\Maui_Task.csproj,File,Maui_Task\Maui_Task\Services\FormFactor.cs,13,12,T:Microsoft.Maui.Devices.DevicePlatform,,,,,"return DeviceInfo.Platform.ToString() + "" - "" + DeviceInfo.VersionString;"
Api.0002,Source incompatible for selected .NET version,Active,Potential,1,Maui_Task\Maui_Task\Maui_Task.csproj,File,Maui_Task\Maui_Task\Services\FormFactor.cs,13,12,P:Microsoft.Maui.Devices.DeviceInfo.Platform,,,,,"return DeviceInfo.Platform.ToString() + "" - "" + DeviceInfo.VersionString;"
Api.0002,Source incompatible for selected .NET version,Active,Potential,1,Maui_Task\Maui_Task\Maui_Task.csproj,File,Maui_Task\Maui_Task\Services\FormFactor.cs,13,12,M:Microsoft.Maui.Devices.DevicePlatform.ToString,,,,,"return DeviceInfo.Platform.ToString() + "" - "" + DeviceInfo.VersionString;"
Api.0002,Source incompatible for selected .NET version,Active,Potential,1,Maui_Task\Maui_Task\Maui_Task.csproj,File,Maui_Task\Maui_Task\Services\FormFactor.cs,8,12,T:Microsoft.Maui.Devices.DeviceInfo,,,,,return DeviceInfo.Idiom.ToString();
Api.0002,Source incompatible for selected .NET version,Active,Potential,1,Maui_Task\Maui_Task\Maui_Task.csproj,File,Maui_Task\Maui_Task\Services\FormFactor.cs,8,12,T:Microsoft.Maui.Devices.DeviceIdiom,,,,,return DeviceInfo.Idiom.ToString();
Api.0002,Source incompatible for selected .NET version,Active,Potential,1,Maui_Task\Maui_Task\Maui_Task.csproj,File,Maui_Task\Maui_Task\Services\FormFactor.cs,8,12,P:Microsoft.Maui.Devices.DeviceInfo.Idiom,,,,,return DeviceInfo.Idiom.ToString();
Api.0002,Source incompatible for selected .NET version,Active,Potential,1,Maui_Task\Maui_Task\Maui_Task.csproj,File,Maui_Task\Maui_Task\Services\FormFactor.cs,8,12,M:Microsoft.Maui.Devices.DeviceIdiom.ToString,,,,,return DeviceInfo.Idiom.ToString();
Api.0002,Source incompatible for selected .NET version,Active,Potential,1,Maui_Task\Maui_Task\Maui_Task.csproj,File,Maui_Task\Maui_Task\Services\MauiSecureTokenStorage.cs,95,18,T:Microsoft.Maui.Storage.SecureStorage,,,,,SecureStorage.Remove(RefreshKey);
Api.0002,Source incompatible for selected .NET version,Active,Potential,1,Maui_Task\Maui_Task\Maui_Task.csproj,File,Maui_Task\Maui_Task\Services\MauiSecureTokenStorage.cs,95,18,M:Microsoft.Maui.Storage.SecureStorage.Remove(System.String),,,,,SecureStorage.Remove(RefreshKey);
Api.0002,Source incompatible for selected .NET version,Active,Potential,1,Maui_Task\Maui_Task\Maui_Task.csproj,File,Maui_Task\Maui_Task\Services\MauiSecureTokenStorage.cs,84,16,T:Microsoft.Maui.Storage.SecureStorage,,,,,var v = await SecureStorage.GetAsync(RefreshKey);
Api.0002,Source incompatible for selected .NET version,Active,Potential,1,Maui_Task\Maui_Task\Maui_Task.csproj,File,Maui_Task\Maui_Task\Services\MauiSecureTokenStorage.cs,84,16,M:Microsoft.Maui.Storage.SecureStorage.GetAsync(System.String),,,,,var v = await SecureStorage.GetAsync(RefreshKey);
Api.0002,Source incompatible for selected .NET version,Active,Potential,1,Maui_Task\Maui_Task\Maui_Task.csproj,File,Maui_Task\Maui_Task\Services\MauiSecureTokenStorage.cs,74,20,T:Microsoft.Maui.Storage.SecureStorage,,,,,"await SecureStorage.SetAsync(RefreshKey, refreshToken);"
Api.0002,Source incompatible for selected .NET version,Active,Potential,1,Maui_Task\Maui_Task\Maui_Task.csproj,File,Maui_Task\Maui_Task\Services\MauiSecureTokenStorage.cs,74,20,"M:Microsoft.Maui.Storage.SecureStorage.SetAsync(System.String,System.String)",,,,,"await SecureStorage.SetAsync(RefreshKey, refreshToken);"
Api.0002,Source incompatible for selected .NET version,Active,Potential,1,Maui_Task\Maui_Task\Maui_Task.csproj,File,Maui_Task\Maui_Task\Services\MauiSecureTokenStorage.cs,70,28,T:Microsoft.Maui.Storage.SecureStorage,,,,,"await SecureStorage.SetAsync(RefreshKey, string.Empty);"
Api.0002,Source incompatible for selected .NET version,Active,Potential,1,Maui_Task\Maui_Task\Maui_Task.csproj,File,Maui_Task\Maui_Task\Services\MauiSecureTokenStorage.cs,70,28,"M:Microsoft.Maui.Storage.SecureStorage.SetAsync(System.String,System.String)",,,,,"await SecureStorage.SetAsync(RefreshKey, string.Empty);"
Api.0002,Source incompatible for selected .NET version,Active,Potential,1,Maui_Task\Maui_Task\Maui_Task.csproj,File,Maui_Task\Maui_Task\Services\MauiSecureTokenStorage.cs,69,26,T:Microsoft.Maui.Storage.SecureStorage,,,,,SecureStorage.Remove(RefreshKey);
Api.0002,Source incompatible for selected .NET version,Active,Potential,1,Maui_Task\Maui_Task\Maui_Task.csproj,File,Maui_Task\Maui_Task\Services\MauiSecureTokenStorage.cs,69,26,M:Microsoft.Maui.Storage.SecureStorage.Remove(System.String),,,,,SecureStorage.Remove(RefreshKey);
Api.0002,Source incompatible for selected .NET version,Active,Potential,1,Maui_Task\Maui_Task\Maui_Task.csproj,File,Maui_Task\Maui_Task\Services\MauiSecureTokenStorage.cs,54,16,T:Microsoft.Maui.Storage.SecureStorage,,,,,SecureStorage.Remove(Key);
Api.0002,Source incompatible for selected .NET version,Active,Potential,1,Maui_Task\Maui_Task\Maui_Task.csproj,File,Maui_Task\Maui_Task\Services\MauiSecureTokenStorage.cs,54,16,M:Microsoft.Maui.Storage.SecureStorage.Remove(System.String),,,,,SecureStorage.Remove(Key);
Api.0002,Source incompatible for selected .NET version,Active,Potential,1,Maui_Task\Maui_Task\Maui_Task.csproj,File,Maui_Task\Maui_Task\Services\MauiSecureTokenStorage.cs,41,16,T:Microsoft.Maui.Storage.SecureStorage,,,,,var v = await SecureStorage.GetAsync(Key);
Api.0002,Source incompatible for selected .NET version,Active,Potential,1,Maui_Task\Maui_Task\Maui_Task.csproj,File,Maui_Task\Maui_Task\Services\MauiSecureTokenStorage.cs,41,16,M:Microsoft.Maui.Storage.SecureStorage.GetAsync(System.String),,,,,var v = await SecureStorage.GetAsync(Key);
Api.0002,Source incompatible for selected .NET version,Active,Potential,1,Maui_Task\Maui_Task\Maui_Task.csproj,File,Maui_Task\Maui_Task\Services\MauiSecureTokenStorage.cs,28,20,T:Microsoft.Maui.Storage.SecureStorage,,,,,"await SecureStorage.SetAsync(Key, token);"
Api.0002,Source incompatible for selected .NET version,Active,Potential,1,Maui_Task\Maui_Task\Maui_Task.csproj,File,Maui_Task\Maui_Task\Services\MauiSecureTokenStorage.cs,28,20,"M:Microsoft.Maui.Storage.SecureStorage.SetAsync(System.String,System.String)",,,,,"await SecureStorage.SetAsync(Key, token);"
Api.0002,Source incompatible for selected .NET version,Active,Potential,1,Maui_Task\Maui_Task\Maui_Task.csproj,File,Maui_Task\Maui_Task\Services\MauiSecureTokenStorage.cs,23,24,T:Microsoft.Maui.Storage.SecureStorage,,,,,"await SecureStorage.SetAsync(Key, string.Empty);"
Api.0002,Source incompatible for selected .NET version,Active,Potential,1,Maui_Task\Maui_Task\Maui_Task.csproj,File,Maui_Task\Maui_Task\Services\MauiSecureTokenStorage.cs,23,24,"M:Microsoft.Maui.Storage.SecureStorage.SetAsync(System.String,System.String)",,,,,"await SecureStorage.SetAsync(Key, string.Empty);"
Api.0002,Source incompatible for selected .NET version,Active,Potential,1,Maui_Task\Maui_Task\Maui_Task.csproj,File,Maui_Task\Maui_Task\Services\MauiSecureTokenStorage.cs,19,24,T:Microsoft.Maui.Storage.SecureStorage,,,,,SecureStorage.Remove(Key);
Api.0002,Source incompatible for selected .NET version,Active,Potential,1,Maui_Task\Maui_Task\Maui_Task.csproj,File,Maui_Task\Maui_Task\Services\MauiSecureTokenStorage.cs,19,24,M:Microsoft.Maui.Storage.SecureStorage.Remove(System.String),,,,,SecureStorage.Remove(Key);
Api.0002,Source incompatible for selected .NET version,Active,Potential,1,Maui_Task\Maui_Task\Maui_Task.csproj,File,Maui_Task\Maui_Task\Services\MauiDatabasePathProvider.cs,11,12,T:Microsoft.Maui.Storage.FileSystem,,,,,"return Path.Combine(FileSystem.AppDataDirectory, dbName);"
Api.0002,Source incompatible for selected .NET version,Active,Potential,1,Maui_Task\Maui_Task\Maui_Task.csproj,File,Maui_Task\Maui_Task\Services\MauiDatabasePathProvider.cs,11,12,P:Microsoft.Maui.Storage.FileSystem.AppDataDirectory,,,,,"return Path.Combine(FileSystem.AppDataDirectory, dbName);"
Api.0002,Source incompatible for selected .NET version,Active,Potential,1,Maui_Task\Maui_Task\Maui_Task.csproj,File,Maui_Task\Maui_Task\obj\Debug\net9.0-android\Microsoft.Maui.Controls.SourceGen\Microsoft.Maui.Controls.SourceGen.CodeBehindGenerator\MainPage.xaml.sg.cs,27,3,T:Microsoft.Maui.Controls.NameScopeExtensions,,,,,"blazorWebView = global::Microsoft.Maui.Controls.NameScopeExtensions.FindByName<global::Microsoft.AspNetCore.Components.WebView.Maui.BlazorWebView>(this, ""blazorWebView"");"
Api.0002,Source incompatible for selected .NET version,Active,Potential,1,Maui_Task\Maui_Task\Maui_Task.csproj,File,Maui_Task\Maui_Task\obj\Debug\net9.0-android\Microsoft.Maui.Controls.SourceGen\Microsoft.Maui.Controls.SourceGen.CodeBehindGenerator\MainPage.xaml.sg.cs,27,3,"M:Microsoft.Maui.Controls.NameScopeExtensions.FindByName``1(Microsoft.Maui.Controls.Element,System.String)",,,,,"blazorWebView = global::Microsoft.Maui.Controls.NameScopeExtensions.FindByName<global::Microsoft.AspNetCore.Components.WebView.Maui.BlazorWebView>(this, ""blazorWebView"");"
Api.0002,Source incompatible for selected .NET version,Active,Potential,1,Maui_Task\Maui_Task\Maui_Task.csproj,File,Maui_Task\Maui_Task\obj\Debug\net9.0-android\Microsoft.Maui.Controls.SourceGen\Microsoft.Maui.Controls.SourceGen.CodeBehindGenerator\MainPage.xaml.sg.cs,26,3,T:Microsoft.Maui.Controls.Xaml.Extensions,,,,,"global::Microsoft.Maui.Controls.Xaml.Extensions.LoadFromXaml(this, typeof(MainPage));"
Api.0002,Source incompatible for selected .NET version,Active,Potential,1,Maui_Task\Maui_Task\Maui_Task.csproj,File,Maui_Task\Maui_Task\MainPage.xaml.cs,4,8,M:Microsoft.Maui.Controls.ContentPage.#ctor,,,,,public MainPage()          {              InitializeComponent();          }
Api.0002,Source incompatible for selected .NET version,Active,Potential,1,Maui_Task\Maui_Task\Maui_Task.csproj,File,Maui_Task\Maui_Task\MainPage.xaml.cs,4,8,M:Microsoft.Maui.Controls.ContentPage.#ctor,,,,,public MainPage()          {              InitializeComponent();          }
Api.0002,Source incompatible for selected .NET version,Active,Potential,1,Maui_Task\Maui_Task\Maui_Task.csproj,File,Maui_Task\Maui_Task\MainPage.xaml.cs,2,36,T:Microsoft.Maui.Controls.ContentPage,,,,,ContentPage
Api.0002,Source incompatible for selected .NET version,Active,Potential,1,Maui_Task\Maui_Task\Maui_Task.csproj,File,Maui_Task\Maui_Task\Platforms\Android\MainApplication.cs,13,8,T:Microsoft.Maui.Hosting.MauiApp,,,,,protected override MauiApp CreateMauiApp()
Api.0002,Source incompatible for selected .NET version,Active,Potential,1,Maui_Task\Maui_Task\Maui_Task.csproj,File,Maui_Task\Maui_Task\Platforms\Android\MainApplication.cs,13,54,T:Microsoft.Maui.Hosting.MauiApp,,,,,MauiProgram.CreateMauiApp()
Api.0001,Binary incompatible for selected .NET version,Active,Mandatory,1,Maui_Task\Maui_Task\Maui_Task.csproj,File,Maui_Task\Maui_Task\Platforms\Android\MainApplication.cs,9,12,"M:Microsoft.Maui.MauiApplication.#ctor(System.IntPtr,Android.Runtime.JniHandleOwnership)",,,,,": base(handle, ownership)"
Api.0001,Binary incompatible for selected .NET version,Active,Mandatory,1,Maui_Task\Maui_Task\Maui_Task.csproj,File,Maui_Task\Maui_Task\Platforms\Android\MainApplication.cs,9,12,"M:Microsoft.Maui.MauiApplication.#ctor(System.IntPtr,Android.Runtime.JniHandleOwnership)",,,,,": base(handle, ownership)"
Api.0001,Binary incompatible for selected .NET version,Active,Mandatory,1,Maui_Task\Maui_Task\Maui_Task.csproj,File,Maui_Task\Maui_Task\Platforms\Android\MainApplication.cs,6,35,T:Microsoft.Maui.MauiApplication,,,,,MauiApplication
Api.0001,Binary incompatible for selected .NET version,Active,Mandatory,1,Maui_Task\Maui_Task\Maui_Task.csproj,File,Maui_Task\Maui_Task\Platforms\Android\MainActivity.cs,7,32,M:Microsoft.Maui.MauiAppCompatActivity.#ctor,,,,,MauiAppCompatActivity
Api.0001,Binary incompatible for selected .NET version,Active,Mandatory,1,Maui_Task\Maui_Task\Maui_Task.csproj,File,Maui_Task\Maui_Task\Platforms\Android\MainActivity.cs,7,32,T:Microsoft.Maui.MauiAppCompatActivity,,,,,MauiAppCompatActivity
Api.0002,Source incompatible for selected .NET version,Active,Potential,1,Maui_Task\Maui_Task\Maui_Task.csproj,File,Maui_Task\Maui_Task\MauiProgram.cs,11,8,T:Microsoft.Maui.Hosting.MauiApp,,,,,public static MauiApp CreateMauiApp()
Api.0002,Source incompatible for selected .NET version,Active,Potential,1,Maui_Task\Maui_Task\Maui_Task.csproj,File,Maui_Task\Maui_Task\MauiProgram.cs,67,16,P:Microsoft.Maui.Hosting.MauiApp.Services,,,,,using var scope = app.Services.CreateScope();
Api.0002,Source incompatible for selected .NET version,Active,Potential,1,Maui_Task\Maui_Task\Maui_Task.csproj,File,Maui_Task\Maui_Task\MauiProgram.cs,62,12,T:Microsoft.Maui.Hosting.MauiApp,,,,,var app = builder.Build();
Api.0002,Source incompatible for selected .NET version,Active,Potential,1,Maui_Task\Maui_Task\Maui_Task.csproj,File,Maui_Task\Maui_Task\MauiProgram.cs,62,12,M:Microsoft.Maui.Hosting.MauiAppBuilder.Build,,,,,var app = builder.Build();
Api.0002,Source incompatible for selected .NET version,Active,Potential,1,Maui_Task\Maui_Task\Maui_Task.csproj,File,Maui_Task\Maui_Task\MauiProgram.cs,59,12,P:Microsoft.Maui.Hosting.MauiAppBuilder.Logging,,,,,builder.Logging.AddDebug();
Api.0002,Source incompatible for selected .NET version,Active,Potential,1,Maui_Task\Maui_Task\Maui_Task.csproj,File,Maui_Task\Maui_Task\MauiProgram.cs,58,12,P:Microsoft.Maui.Hosting.MauiAppBuilder.Services,,,,,builder.Services.AddBlazorWebViewDeveloperTools();
Api.0002,Source incompatible for selected .NET version,Active,Potential,1,Maui_Task\Maui_Task\Maui_Task.csproj,File,Maui_Task\Maui_Task\MauiProgram.cs,55,12,P:Microsoft.Maui.Hosting.MauiAppBuilder.Services,,,,,builder.Services.AddMauiBlazorWebView();
Api.0002,Source incompatible for selected .NET version,Active,Potential,1,Maui_Task\Maui_Task\Maui_Task.csproj,File,Maui_Task\Maui_Task\MauiProgram.cs,49,12,P:Microsoft.Maui.Hosting.MauiAppBuilder.Services,,,,,"builder.Services.AddDbContext<AppDbContext>((sp, options) =>              {                  var provider = sp.GetRequiredService<Maui_Task.Shared.Services.Interfaces.IDatabasePathProvider>();                  options.UseSqlite($""Data Source={provider.GetDatabasePath()}"");              });"
Api.0002,Source incompatible for selected .NET version,Active,Potential,1,Maui_Task\Maui_Task\Maui_Task.csproj,File,Maui_Task\Maui_Task\MauiProgram.cs,48,12,P:Microsoft.Maui.Hosting.MauiAppBuilder.Services,,,,,"builder.Services.AddSingleton<Maui_Task.Shared.Services.Interfaces.IDatabasePathProvider, Maui_Task.Services.MauiDatabasePathProvider>();"
Api.0002,Source incompatible for selected .NET version,Active,Potential,1,Maui_Task\Maui_Task\Maui_Task.csproj,File,Maui_Task\Maui_Task\MauiProgram.cs,45,12,P:Microsoft.Maui.Hosting.MauiAppBuilder.Services,,,,,builder.Services.AddSingleton<AuthenticationStateProvider>(sp => sp.GetRequiredService<TaskFlowAuthStateProvider>());
Api.0002,Source incompatible for selected .NET version,Active,Potential,1,Maui_Task\Maui_Task\Maui_Task.csproj,File,Maui_Task\Maui_Task\MauiProgram.cs,44,12,P:Microsoft.Maui.Hosting.MauiAppBuilder.Services,,,,,builder.Services.AddSingleton<TaskFlowAuthStateProvider>();
Api.0002,Source incompatible for selected .NET version,Active,Potential,1,Maui_Task\Maui_Task\Maui_Task.csproj,File,Maui_Task\Maui_Task\MauiProgram.cs,43,12,P:Microsoft.Maui.Hosting.MauiAppBuilder.Services,,,,,builder.Services.AddCascadingAuthenticationState();
Api.0002,Source incompatible for selected .NET version,Active,Potential,1,Maui_Task\Maui_Task\Maui_Task.csproj,File,Maui_Task\Maui_Task\MauiProgram.cs,42,12,P:Microsoft.Maui.Hosting.MauiAppBuilder.Services,,,,,builder.Services.AddAuthorizationCore();
Api.0002,Source incompatible for selected .NET version,Active,Potential,1,Maui_Task\Maui_Task\Maui_Task.csproj,File,Maui_Task\Maui_Task\MauiProgram.cs,39,12,P:Microsoft.Maui.Hosting.MauiAppBuilder.Services,,,,,"builder.Services.AddSingleton<Maui_Task.Shared.Services.ITokenStorage, Maui_Task.Services.MauiSecureTokenStorage>();"
Api.0002,Source incompatible for selected .NET version,Active,Potential,1,Maui_Task\Maui_Task\Maui_Task.csproj,File,Maui_Task\Maui_Task\MauiProgram.cs,34,12,P:Microsoft.Maui.Hosting.MauiAppBuilder.Services,,,,,builder.Services.AddSingleton<Maui_Task.Shared.Services.SignalRService>(sp =>                  new Maui_Task.Shared.Services.SignalRService(                      sp.GetRequiredService<Maui_Task.Shared.Services.AuthenticationService>()));
Api.0002,Source incompatible for selected .NET version,Active,Potential,1,Maui_Task\Maui_Task\Maui_Task.csproj,File,Maui_Task\Maui_Task\MauiProgram.cs,32,12,P:Microsoft.Maui.Hosting.MauiAppBuilder.Services,,,,,"builder.Services.AddSingleton<Maui_Task.Shared.Services.HttpApiService>(sp =>                  new Maui_Task.Shared.Services.HttpApiService(sp.GetRequiredService<System.Net.Http.HttpClient>(), sp.GetRequiredService<Maui_Task.Shared.Services.AuthenticationService>()));"
Api.0002,Source incompatible for selected .NET version,Active,Potential,1,Maui_Task\Maui_Task\Maui_Task.csproj,File,Maui_Task\Maui_Task\MauiProgram.cs,28,12,P:Microsoft.Maui.Hosting.MauiAppBuilder.Services,,,,,"builder.Services.AddSingleton<Maui_Task.Shared.Services.AuthenticationService>(sp =>                  new Maui_Task.Shared.Services.AuthenticationService(                      sp.GetRequiredService<System.Net.Http.HttpClient>(),                      sp.GetRequiredService<Maui_Task.Shared.Services.ITokenStorage>()));"
Api.0002,Source incompatible for selected .NET version,Active,Potential,1,Maui_Task\Maui_Task\Maui_Task.csproj,File,Maui_Task\Maui_Task\MauiProgram.cs,26,12,P:Microsoft.Maui.Hosting.MauiAppBuilder.Services,,,,,builder.Services.AddSingleton<System.Net.Http.HttpClient>(apiHttpClient);
Api.0003,Behavioral change in selected .NET version,Active,Potential,1,Maui_Task\Maui_Task\Maui_Task.csproj,File,Maui_Task\Maui_Task\MauiProgram.cs,25,12,T:System.Uri,,,,,"var apiHttpClient = new System.Net.Http.HttpClient { BaseAddress = new Uri(""https://localhost:5001"") };"
Api.0003,Behavioral change in selected .NET version,Active,Potential,1,Maui_Task\Maui_Task\Maui_Task.csproj,File,Maui_Task\Maui_Task\MauiProgram.cs,25,12,M:System.Uri.#ctor(System.String),,,,,"var apiHttpClient = new System.Net.Http.HttpClient { BaseAddress = new Uri(""https://localhost:5001"") };"
Api.0003,Behavioral change in selected .NET version,Active,Potential,1,Maui_Task\Maui_Task\Maui_Task.csproj,File,Maui_Task\Maui_Task\MauiProgram.cs,25,12,T:System.Uri,,,,,"var apiHttpClient = new System.Net.Http.HttpClient { BaseAddress = new Uri(""https://localhost:5001"") };"
Api.0002,Source incompatible for selected .NET version,Active,Potential,1,Maui_Task\Maui_Task\Maui_Task.csproj,File,Maui_Task\Maui_Task\MauiProgram.cs,22,12,P:Microsoft.Maui.Hosting.MauiAppBuilder.Services,,,,,"builder.Services.AddSingleton<IFormFactor, FormFactor>();"
Api.0002,Source incompatible for selected .NET version,Active,Potential,1,Maui_Task\Maui_Task\Maui_Task.csproj,File,Maui_Task\Maui_Task\MauiProgram.cs,18,20,T:Microsoft.Maui.Hosting.FontCollectionExtensions,,,,,"fonts.AddFont(""OpenSans-Regular.ttf"", ""OpenSansRegular"");"
Api.0002,Source incompatible for selected .NET version,Active,Potential,1,Maui_Task\Maui_Task\Maui_Task.csproj,File,Maui_Task\Maui_Task\MauiProgram.cs,18,20,T:Microsoft.Maui.Hosting.IFontCollection,,,,,"fonts.AddFont(""OpenSans-Regular.ttf"", ""OpenSansRegular"");"
Api.0002,Source incompatible for selected .NET version,Active,Potential,1,Maui_Task\Maui_Task\Maui_Task.csproj,File,Maui_Task\Maui_Task\MauiProgram.cs,18,20,"M:Microsoft.Maui.Hosting.FontCollectionExtensions.AddFont(Microsoft.Maui.Hosting.IFontCollection,System.String,System.String)",,,,,"fonts.AddFont(""OpenSans-Regular.ttf"", ""OpenSansRegular"");"
Api.0002,Source incompatible for selected .NET version,Active,Potential,1,Maui_Task\Maui_Task\Maui_Task.csproj,File,Maui_Task\Maui_Task\MauiProgram.cs,14,12,T:Microsoft.Maui.Controls.Hosting.AppHostBuilderExtensions,,,,,"builder                  .UseMauiApp<App>()                  .ConfigureFonts(fonts =>                  {                      fonts.AddFont(""OpenSans-Regular.ttf"", ""OpenSansRegular"");                  });"
Api.0002,Source incompatible for selected .NET version,Active,Potential,1,Maui_Task\Maui_Task\Maui_Task.csproj,File,Maui_Task\Maui_Task\MauiProgram.cs,14,12,T:Microsoft.Maui.Hosting.MauiAppBuilder,,,,,"builder                  .UseMauiApp<App>()                  .ConfigureFonts(fonts =>                  {                      fonts.AddFont(""OpenSans-Regular.ttf"", ""OpenSansRegular"");                  });"
Api.0002,Source incompatible for selected .NET version,Active,Potential,1,Maui_Task\Maui_Task\Maui_Task.csproj,File,Maui_Task\Maui_Task\MauiProgram.cs,14,12,M:Microsoft.Maui.Controls.Hosting.AppHostBuilderExtensions.UseMauiApp``1(Microsoft.Maui.Hosting.MauiAppBuilder),,,,,"builder                  .UseMauiApp<App>()                  .ConfigureFonts(fonts =>                  {                      fonts.AddFont(""OpenSans-Regular.ttf"", ""OpenSansRegular"");                  });"
Api.0002,Source incompatible for selected .NET version,Active,Potential,1,Maui_Task\Maui_Task\Maui_Task.csproj,File,Maui_Task\Maui_Task\MauiProgram.cs,14,12,T:Microsoft.Maui.Hosting.FontsMauiAppBuilderExtensions,,,,,"builder                  .UseMauiApp<App>()                  .ConfigureFonts(fonts =>                  {                      fonts.AddFont(""OpenSans-Regular.ttf"", ""OpenSansRegular"");                  });"
Api.0002,Source incompatible for selected .NET version,Active,Potential,1,Maui_Task\Maui_Task\Maui_Task.csproj,File,Maui_Task\Maui_Task\MauiProgram.cs,14,12,T:Microsoft.Maui.Hosting.MauiAppBuilder,,,,,"builder                  .UseMauiApp<App>()                  .ConfigureFonts(fonts =>                  {                      fonts.AddFont(""OpenSans-Regular.ttf"", ""OpenSansRegular"");                  });"
Api.0002,Source incompatible for selected .NET version,Active,Potential,1,Maui_Task\Maui_Task\Maui_Task.csproj,File,Maui_Task\Maui_Task\MauiProgram.cs,14,12,"M:Microsoft.Maui.Hosting.FontsMauiAppBuilderExtensions.ConfigureFonts(Microsoft.Maui.Hosting.MauiAppBuilder,System.Action{Microsoft.Maui.Hosting.IFontCollection})",,,,,"builder                  .UseMauiApp<App>()                  .ConfigureFonts(fonts =>                  {                      fonts.AddFont(""OpenSans-Regular.ttf"", ""OpenSansRegular"");                  });"
Api.0002,Source incompatible for selected .NET version,Active,Potential,1,Maui_Task\Maui_Task\Maui_Task.csproj,File,Maui_Task\Maui_Task\MauiProgram.cs,13,12,T:Microsoft.Maui.Hosting.MauiApp,,,,,var builder = MauiApp.CreateBuilder();
Api.0002,Source incompatible for selected .NET version,Active,Potential,1,Maui_Task\Maui_Task\Maui_Task.csproj,File,Maui_Task\Maui_Task\MauiProgram.cs,13,12,T:Microsoft.Maui.Hosting.MauiAppBuilder,,,,,var builder = MauiApp.CreateBuilder();
Api.0002,Source incompatible for selected .NET version,Active,Potential,1,Maui_Task\Maui_Task\Maui_Task.csproj,File,Maui_Task\Maui_Task\MauiProgram.cs,13,12,M:Microsoft.Maui.Hosting.MauiApp.CreateBuilder(System.Boolean),,,,,var builder = MauiApp.CreateBuilder();
Api.0002,Source incompatible for selected .NET version,Active,Potential,1,Maui_Task\Maui_Task\Maui_Task.csproj,File,Maui_Task\Maui_Task\obj\Debug\net9.0-android\Microsoft.Maui.Controls.SourceGen\Microsoft.Maui.Controls.SourceGen.CodeBehindGenerator\App.xaml.sg.cs,22,3,T:Microsoft.Maui.Controls.Xaml.Extensions,,,,,"global::Microsoft.Maui.Controls.Xaml.Extensions.LoadFromXaml(this, typeof(App));"
Api.0002,Source incompatible for selected .NET version,Active,Potential,1,Maui_Task\Maui_Task\Maui_Task.csproj,File,Maui_Task\Maui_Task\App.xaml.cs,9,8,T:Microsoft.Maui.IActivationState,,,,,protected override Window CreateWindow(IActivationState? activationState)
Api.0002,Source incompatible for selected .NET version,Active,Potential,1,Maui_Task\Maui_Task\Maui_Task.csproj,File,Maui_Task\Maui_Task\App.xaml.cs,9,8,T:Microsoft.Maui.Controls.Window,,,,,protected override Window CreateWindow(IActivationState? activationState)
Api.0002,Source incompatible for selected .NET version,Active,Potential,1,Maui_Task\Maui_Task\Maui_Task.csproj,File,Maui_Task\Maui_Task\App.xaml.cs,11,12,P:Microsoft.Maui.Controls.Window.Title,,,,,"return new Window(new MainPage()) { Title = ""Maui_Task"" };"
Api.0002,Source incompatible for selected .NET version,Active,Potential,1,Maui_Task\Maui_Task\Maui_Task.csproj,File,Maui_Task\Maui_Task\App.xaml.cs,11,12,T:Microsoft.Maui.Controls.Window,,,,,"return new Window(new MainPage()) { Title = ""Maui_Task"" };"
Api.0002,Source incompatible for selected .NET version,Active,Potential,1,Maui_Task\Maui_Task\Maui_Task.csproj,File,Maui_Task\Maui_Task\App.xaml.cs,11,12,M:Microsoft.Maui.Controls.Window.#ctor(Microsoft.Maui.Controls.Page),,,,,"return new Window(new MainPage()) { Title = ""Maui_Task"" };"
Api.0002,Source incompatible for selected .NET version,Active,Potential,1,Maui_Task\Maui_Task\Maui_Task.csproj,File,Maui_Task\Maui_Task\App.xaml.cs,4,8,M:Microsoft.Maui.Controls.Application.#ctor,,,,,public App()          {              InitializeComponent();          }
Api.0002,Source incompatible for selected .NET version,Active,Potential,1,Maui_Task\Maui_Task\Maui_Task.csproj,File,Maui_Task\Maui_Task\App.xaml.cs,4,8,M:Microsoft.Maui.Controls.Application.#ctor,,,,,public App()          {              InitializeComponent();          }
Api.0002,Source incompatible for selected .NET version,Active,Potential,1,Maui_Task\Maui_Task\Maui_Task.csproj,File,Maui_Task\Maui_Task\App.xaml.cs,2,31,T:Microsoft.Maui.Controls.Application,,,,,Application
NuGet.0002,NuGet package upgrade is recommended,Active,Potential,1,Maui_Task\Maui_Task.Shared\Maui_Task.Shared.csproj,File,Maui_Task\Maui_Task.Shared\Maui_Task.Shared.csproj,,,Microsoft.AspNetCore.Components.Authorization 9.0.0,,,,,"Microsoft.AspNetCore.Components.Authorization, 9.0.0  Recommendation:  Remove Microsoft.AspNetCore.Components.Authorization, and replace with new package Microsoft.AspNetCore.Components.Authorization 10.0.5"
NuGet.0002,NuGet package upgrade is recommended,Active,Potential,1,Maui_Task\Maui_Task.Shared\Maui_Task.Shared.csproj,File,Maui_Task\Maui_Task.Shared\Maui_Task.Shared.csproj,,,Microsoft.AspNetCore.Components.Web 9.0.0,,,,,"Microsoft.AspNetCore.Components.Web, 9.0.0  Recommendation:  Remove Microsoft.AspNetCore.Components.Web, and replace with new package Microsoft.AspNetCore.Components.Web 10.0.5"
NuGet.0002,NuGet package upgrade is recommended,Active,Potential,1,Maui_Task\Maui_Task.Shared\Maui_Task.Shared.csproj,File,Maui_Task\Maui_Task.Shared\Maui_Task.Shared.csproj,,,Microsoft.AspNetCore.SignalR.Client 9.0.0,,,,,"Microsoft.AspNetCore.SignalR.Client, 9.0.0  Recommendation:  Remove Microsoft.AspNetCore.SignalR.Client, and replace with new package Microsoft.AspNetCore.SignalR.Client 10.0.5"
NuGet.0002,NuGet package upgrade is recommended,Active,Potential,1,Maui_Task\Maui_Task.Shared\Maui_Task.Shared.csproj,File,Maui_Task\Maui_Task.Shared\Maui_Task.Shared.csproj,,,Microsoft.EntityFrameworkCore 9.0.0,,,,,"Microsoft.EntityFrameworkCore, 9.0.0  Recommendation:  Remove Microsoft.EntityFrameworkCore, and replace with new package Microsoft.EntityFrameworkCore 10.0.5"
NuGet.0002,NuGet package upgrade is recommended,Active,Potential,1,Maui_Task\Maui_Task.Shared\Maui_Task.Shared.csproj,File,Maui_Task\Maui_Task.Shared\Maui_Task.Shared.csproj,,,Microsoft.EntityFrameworkCore.Sqlite 9.0.0,,,,,"Microsoft.EntityFrameworkCore.Sqlite, 9.0.0  Recommendation:  Remove Microsoft.EntityFrameworkCore.Sqlite, and replace with new package Microsoft.EntityFrameworkCore.Sqlite 10.0.5"
NuGet.0002,NuGet package upgrade is recommended,Active,Potential,1,Maui_Task\Maui_Task.Shared\Maui_Task.Shared.csproj,File,Maui_Task\Maui_Task.Shared\Maui_Task.Shared.csproj,,,Microsoft.EntityFrameworkCore.Tools 9.0.0,,,,,"Microsoft.EntityFrameworkCore.Tools, 9.0.0  Recommendation:  Remove Microsoft.EntityFrameworkCore.Tools, and replace with new package Microsoft.EntityFrameworkCore.Tools 10.0.5"
Project.0002,Project's target framework(s) needs to be changed,Active,Mandatory,1,Maui_Task\Maui_Task.Shared\Maui_Task.Shared.csproj,File,Maui_Task\Maui_Task.Shared\Maui_Task.Shared.csproj,,,,,,,,Current target framework: net9.0 Recommended target framework: net10.0
Api.0003,Behavioral change in selected .NET version,Active,Potential,1,Maui_Task\Maui_Task.Shared\Maui_Task.Shared.csproj,File,Maui_Task\Maui_Task.Shared\obj\Debug\net9.0\Microsoft.CodeAnalysis.Razor.Compiler\Microsoft.NET.Sdk.Razor.SourceGenerators.RazorSourceGenerator\SharedComponents/RedirectToLogin_razor.g.cs,128,12,T:System.Uri,,,,,var encoded = Uri.EscapeDataString(returnUrl);
Api.0003,Behavioral change in selected .NET version,Active,Potential,1,Maui_Task\Maui_Task.Shared\Maui_Task.Shared.csproj,File,Maui_Task\Maui_Task.Shared\obj\Debug\net9.0\Microsoft.CodeAnalysis.Razor.Compiler\Microsoft.NET.Sdk.Razor.SourceGenerators.RazorSourceGenerator\Pages/ForgotPassword_razor.g.cs,335,12,T:System.Uri,,,,,"Nav.NavigateTo($""/reset-password-sent?email={Uri.EscapeDataString(Model.Email)}&code={Uri.EscapeDataString(token)}"");"
Api.0003,Behavioral change in selected .NET version,Active,Potential,1,Maui_Task\Maui_Task.Shared\Maui_Task.Shared.csproj,File,Maui_Task\Maui_Task.Shared\obj\Debug\net9.0\Microsoft.CodeAnalysis.Razor.Compiler\Microsoft.NET.Sdk.Razor.SourceGenerators.RazorSourceGenerator\Pages/ForgotPassword_razor.g.cs,335,12,T:System.Uri,,,,,"Nav.NavigateTo($""/reset-password-sent?email={Uri.EscapeDataString(Model.Email)}&code={Uri.EscapeDataString(token)}"");"
Api.0003,Behavioral change in selected .NET version,Active,Potential,1,Maui_Task\Maui_Task.Shared\Maui_Task.Shared.csproj,File,Maui_Task\Maui_Task.Shared\obj\Debug\net9.0\Microsoft.CodeAnalysis.Razor.Compiler\Microsoft.NET.Sdk.Razor.SourceGenerators.RazorSourceGenerator\Pages/ResetPasswordSent_razor.g.cs,305,8,T:System.Uri,,,,,var tokenEncoded = Uri.EscapeDataString(token);
Api.0003,Behavioral change in selected .NET version,Active,Potential,1,Maui_Task\Maui_Task.Shared\Maui_Task.Shared.csproj,File,Maui_Task\Maui_Task.Shared\obj\Debug\net9.0\Microsoft.CodeAnalysis.Razor.Compiler\Microsoft.NET.Sdk.Razor.SourceGenerators.RazorSourceGenerator\Pages/ResetPasswordSent_razor.g.cs,304,8,T:System.Uri,,,,,var emailEncoded = Uri.EscapeDataString(EmailQuery);
Api.0003,Behavioral change in selected .NET version,Active,Potential,1,Maui_Task\Maui_Task.Shared\Maui_Task.Shared.csproj,File,Maui_Task\Maui_Task.Shared\Services\HttpApiService.cs,104,12,T:System.Net.Http.HttpContent,,,,,return await resp.Content.ReadFromJsonAsync<T?>();
Api.0003,Behavioral change in selected .NET version,Active,Potential,1,Maui_Task\Maui_Task.Shared\Maui_Task.Shared.csproj,File,Maui_Task\Maui_Task.Shared\Services\HttpApiService.cs,93,20,T:System.Net.Http.HttpContent,,,,,"request = new HttpRequestMessage(HttpMethod.Patch, uri)                      {                          Content = payload == null                              ? null                              : new StringContent(JsonSerializer.Serialize(payload), Encoding.UTF8, ""application/json"")                      };"
Api.0003,Behavioral change in selected .NET version,Active,Potential,1,Maui_Task\Maui_Task.Shared\Maui_Task.Shared.csproj,File,Maui_Task\Maui_Task.Shared\Services\HttpApiService.cs,80,12,T:System.Net.Http.HttpContent,,,,,"var request = new HttpRequestMessage(HttpMethod.Patch, uri)              {                  Content = payload == null                      ? null                      : new StringContent(JsonSerializer.Serialize(payload), Encoding.UTF8, ""application/json"")              };"
Api.0003,Behavioral change in selected .NET version,Active,Potential,1,Maui_Task\Maui_Task.Shared\Maui_Task.Shared.csproj,File,Maui_Task\Maui_Task.Shared\Services\HttpApiService.cs,61,12,T:System.Net.Http.HttpContent,,,,,return await resp.Content.ReadFromJsonAsync<T?>();
Api.0003,Behavioral change in selected .NET version,Active,Potential,1,Maui_Task\Maui_Task.Shared\Maui_Task.Shared.csproj,File,Maui_Task\Maui_Task.Shared\Services\HttpApiService.cs,46,12,T:System.Net.Http.HttpContent,,,,,return await resp.Content.ReadFromJsonAsync<T?>();
Api.0003,Behavioral change in selected .NET version,Active,Potential,1,Maui_Task\Maui_Task.Shared\Maui_Task.Shared.csproj,File,Maui_Task\Maui_Task.Shared\Services\HttpApiService.cs,31,12,T:System.Net.Http.HttpContent,,,,,return await resp.Content.ReadFromJsonAsync<T?>();
Api.0003,Behavioral change in selected .NET version,Active,Potential,1,Maui_Task\Maui_Task.Shared\Maui_Task.Shared.csproj,File,Maui_Task\Maui_Task.Shared\Services\AuthenticationService.cs,236,12,T:System.Text.Json.JsonDocument,,,,,using var doc = System.Text.Json.JsonDocument.Parse(json);
Api.0003,Behavioral change in selected .NET version,Active,Potential,1,Maui_Task\Maui_Task.Shared\Maui_Task.Shared.csproj,File,Maui_Task\Maui_Task.Shared\Services\AuthenticationService.cs,236,12,T:System.Text.Json.JsonDocument,,,,,using var doc = System.Text.Json.JsonDocument.Parse(json);
Api.0003,Behavioral change in selected .NET version,Active,Potential,1,Maui_Task\Maui_Task.Shared\Maui_Task.Shared.csproj,File,Maui_Task\Maui_Task.Shared\Services\AuthenticationService.cs,181,16,T:System.Net.Http.HttpContent,,,,,var auth = await resp.Content.ReadFromJsonAsync<Maui_Task.Shared.DTOs.Auth.AuthResponse?>();
Api.0003,Behavioral change in selected .NET version,Active,Potential,1,Maui_Task\Maui_Task.Shared\Maui_Task.Shared.csproj,File,Maui_Task\Maui_Task.Shared\Services\AuthenticationService.cs,168,12,T:System.Net.Http.HttpContent,,,,,var obj = await resp.Content.ReadFromJsonAsync<T?>();
Api.0002,Source incompatible for selected .NET version,Active,Potential,1,Maui_Task\Maui_Task.Shared\Maui_Task.Shared.csproj,File,Maui_Task\Maui_Task.Shared\Services\AuthenticationService.cs,137,24,M:System.TimeSpan.FromMinutes(System.Int64),,,,,"await System.Threading.Tasks.Task.Delay(System.TimeSpan.FromMinutes(10), token);"
Api.0002,Source incompatible for selected .NET version,Active,Potential,1,Maui_Task\Maui_Task.Shared\Maui_Task.Shared.csproj,File,Maui_Task\Maui_Task.Shared\Services\AuthenticationService.cs,129,28,M:System.TimeSpan.FromSeconds(System.Int64),,,,,"await System.Threading.Tasks.Task.Delay(System.TimeSpan.FromSeconds(30), token);"
Api.0002,Source incompatible for selected .NET version,Active,Potential,1,Maui_Task\Maui_Task.Shared\Maui_Task.Shared.csproj,File,Maui_Task\Maui_Task.Shared\Services\AuthenticationService.cs,112,12,M:System.TimeSpan.FromMinutes(System.Int64),,,,,var delay = refreshExpiry.Value - System.DateTime.UtcNow - System.TimeSpan.FromMinutes(1);
Api.0003,Behavioral change in selected .NET version,Active,Potential,1,Maui_Task\Maui_Task.Shared\Maui_Task.Shared.csproj,File,Maui_Task\Maui_Task.Shared\Services\SignalRService.cs,25,12,T:System.Uri,,,,,"var url = new Uri(new Uri(baseUrl), _hubUrl).ToString();"
Api.0003,Behavioral change in selected .NET version,Active,Potential,1,Maui_Task\Maui_Task.Shared\Maui_Task.Shared.csproj,File,Maui_Task\Maui_Task.Shared\Services\SignalRService.cs,25,12,M:System.Uri.#ctor(System.String),,,,,"var url = new Uri(new Uri(baseUrl), _hubUrl).ToString();"
Api.0003,Behavioral change in selected .NET version,Active,Potential,1,Maui_Task\Maui_Task.Shared\Maui_Task.Shared.csproj,File,Maui_Task\Maui_Task.Shared\Services\SignalRService.cs,25,12,T:System.Uri,,,,,"var url = new Uri(new Uri(baseUrl), _hubUrl).ToString();"
Api.0003,Behavioral change in selected .NET version,Active,Potential,1,Maui_Task\Maui_Task.Shared\Maui_Task.Shared.csproj,File,Maui_Task\Maui_Task.Shared\Services\SignalRService.cs,25,12,"M:System.Uri.#ctor(System.Uri,System.String)",,,,,"var url = new Uri(new Uri(baseUrl), _hubUrl).ToString();"
NuGet.0002,NuGet package upgrade is recommended,Active,Potential,1,Maui_Task\Maui_Task.Web.Client\Maui_Task.Web.Client.csproj,File,Maui_Task\Maui_Task.Web.Client\Maui_Task.Web.Client.csproj,,,Microsoft.AspNetCore.Components.WebAssembly 9.0.0,,,,,"Microsoft.AspNetCore.Components.WebAssembly, 9.0.0  Recommendation:  Remove Microsoft.AspNetCore.Components.WebAssembly, and replace with new package Microsoft.AspNetCore.Components.WebAssembly 10.0.5"
Project.0002,Project's target framework(s) needs to be changed,Active,Mandatory,1,Maui_Task\Maui_Task.Web.Client\Maui_Task.Web.Client.csproj,File,Maui_Task\Maui_Task.Web.Client\Maui_Task.Web.Client.csproj,,,,,,,,Current target framework: net9.0 Recommended target framework: net10.0
Api.0003,Behavioral change in selected .NET version,Active,Potential,1,Maui_Task\Maui_Task.Web.Client\Maui_Task.Web.Client.csproj,File,Maui_Task\Maui_Task.Web.Client\Services\FormFactor.cs,13,12,P:System.Environment.OSVersion,,,,,return Environment.OSVersion.ToString();
Api.0003,Behavioral change in selected .NET version,Active,Potential,1,Maui_Task\Maui_Task.Web.Client\Maui_Task.Web.Client.csproj,File,Maui_Task\Maui_Task.Web.Client\Program.cs,12,0,T:System.Uri,,,,,var httpClient = new System.Net.Http.HttpClient { BaseAddress = new Uri(builder.HostEnvironment.BaseAddress) };
Api.0003,Behavioral change in selected .NET version,Active,Potential,1,Maui_Task\Maui_Task.Web.Client\Maui_Task.Web.Client.csproj,File,Maui_Task\Maui_Task.Web.Client\Program.cs,12,0,M:System.Uri.#ctor(System.String),,,,,var httpClient = new System.Net.Http.HttpClient { BaseAddress = new Uri(builder.HostEnvironment.BaseAddress) };
Api.0003,Behavioral change in selected .NET version,Active,Potential,1,Maui_Task\Maui_Task.Web.Client\Maui_Task.Web.Client.csproj,File,Maui_Task\Maui_Task.Web.Client\Program.cs,12,0,T:System.Uri,,,,,var httpClient = new System.Net.Http.HttpClient { BaseAddress = new Uri(builder.HostEnvironment.BaseAddress) };
NuGet.0002,NuGet package upgrade is recommended,Active,Potential,1,Maui_Task\Maui_Task.Web\Maui_Task.Web.csproj,File,Maui_Task\Maui_Task.Web\Maui_Task.Web.csproj,,,Microsoft.AspNetCore.Authentication.JwtBearer 9.0.0,,,,,"Microsoft.AspNetCore.Authentication.JwtBearer, 9.0.0  Recommendation:  Remove Microsoft.AspNetCore.Authentication.JwtBearer, and replace with new package Microsoft.AspNetCore.Authentication.JwtBearer 10.0.5"
NuGet.0002,NuGet package upgrade is recommended,Active,Potential,1,Maui_Task\Maui_Task.Web\Maui_Task.Web.csproj,File,Maui_Task\Maui_Task.Web\Maui_Task.Web.csproj,,,Microsoft.AspNetCore.Mvc.NewtonsoftJson 9.0.0,,,,,"Microsoft.AspNetCore.Mvc.NewtonsoftJson, 9.0.0  Recommendation:  Remove Microsoft.AspNetCore.Mvc.NewtonsoftJson, and replace with new package Microsoft.AspNetCore.Mvc.NewtonsoftJson 10.0.5"
NuGet.0002,NuGet package upgrade is recommended,Active,Potential,1,Maui_Task\Maui_Task.Web\Maui_Task.Web.csproj,File,Maui_Task\Maui_Task.Web\Maui_Task.Web.csproj,,,Microsoft.EntityFrameworkCore 9.0.0,,,,,"Microsoft.EntityFrameworkCore, 9.0.0  Recommendation:  Remove Microsoft.EntityFrameworkCore, and replace with new package Microsoft.EntityFrameworkCore 10.0.5"
NuGet.0002,NuGet package upgrade is recommended,Active,Potential,1,Maui_Task\Maui_Task.Web\Maui_Task.Web.csproj,File,Maui_Task\Maui_Task.Web\Maui_Task.Web.csproj,,,Microsoft.EntityFrameworkCore.Design 9.0.0,,,,,"Microsoft.EntityFrameworkCore.Design, 9.0.0  Recommendation:  Remove Microsoft.EntityFrameworkCore.Design, and replace with new package Microsoft.EntityFrameworkCore.Design 10.0.5"
NuGet.0002,NuGet package upgrade is recommended,Active,Potential,1,Maui_Task\Maui_Task.Web\Maui_Task.Web.csproj,File,Maui_Task\Maui_Task.Web\Maui_Task.Web.csproj,,,Microsoft.AspNetCore.Components.WebAssembly.Server 9.0.0,,,,,"Microsoft.AspNetCore.Components.WebAssembly.Server, 9.0.0  Recommendation:  Remove Microsoft.AspNetCore.Components.WebAssembly.Server, and replace with new package Microsoft.AspNetCore.Components.WebAssembly.Server 10.0.5"
NuGet.0005,NuGet package is deprecated,Active,Optional,1,Maui_Task\Maui_Task.Web\Maui_Task.Web.csproj,File,Maui_Task\Maui_Task.Web\Maui_Task.Web.csproj,,,AutoMapper.Extensions.Microsoft.DependencyInjection 12.0.1,,,,,"AutoMapper.Extensions.Microsoft.DependencyInjection, 12.0.1  Recommendation:  The functionality of this package is now included directly in AutoMapper. Remove AutoMapper.Extensions.Microsoft.DependencyInjection, and replace with new package AutoMapper.Extensions.Microsoft.DependencyInjection, 12.0.1"
NuGet.0005,NuGet package is deprecated,Active,Optional,1,Maui_Task\Maui_Task.Web\Maui_Task.Web.csproj,File,Maui_Task\Maui_Task.Web\Maui_Task.Web.csproj,,,FluentValidation.AspNetCore 11.3.1,,,,,"FluentValidation.AspNetCore, 11.3.1  Recommendation:  Should be replaced. Remove FluentValidation.AspNetCore, and replace with new package FluentValidation.AspNetCore, 11.3.1"
Project.0002,Project's target framework(s) needs to be changed,Active,Mandatory,1,Maui_Task\Maui_Task.Web\Maui_Task.Web.csproj,File,Maui_Task\Maui_Task.Web\Maui_Task.Web.csproj,,,,,,,,Current target framework: net9.0 Recommended target framework: net10.0
Api.0001,Binary incompatible for selected .NET version,Active,Mandatory,1,Maui_Task\Maui_Task.Web\Maui_Task.Web.csproj,File,Maui_Task\Maui_Task.Web\Helpers\JwtHelper.cs,51,12,T:System.IdentityModel.Tokens.Jwt.JwtSecurityTokenHandler,,,,,return new JwtSecurityTokenHandler().WriteToken(token);
Api.0001,Binary incompatible for selected .NET version,Active,Mandatory,1,Maui_Task\Maui_Task.Web\Maui_Task.Web.csproj,File,Maui_Task\Maui_Task.Web\Helpers\JwtHelper.cs,51,12,M:System.IdentityModel.Tokens.Jwt.JwtSecurityTokenHandler.#ctor,,,,,return new JwtSecurityTokenHandler().WriteToken(token);
Api.0001,Binary incompatible for selected .NET version,Active,Mandatory,1,Maui_Task\Maui_Task.Web\Maui_Task.Web.csproj,File,Maui_Task\Maui_Task.Web\Helpers\JwtHelper.cs,51,12,M:System.IdentityModel.Tokens.Jwt.JwtSecurityTokenHandler.WriteToken(Microsoft.IdentityModel.Tokens.SecurityToken),,,,,return new JwtSecurityTokenHandler().WriteToken(token);
Api.0001,Binary incompatible for selected .NET version,Active,Mandatory,1,Maui_Task\Maui_Task.Web\Maui_Task.Web.csproj,File,Maui_Task\Maui_Task.Web\Helpers\JwtHelper.cs,44,12,T:System.IdentityModel.Tokens.Jwt.JwtSecurityToken,,,,,"var token = new JwtSecurityToken(                  issuer: _configuration[""Jwt:Issuer""],                  audience: _configuration[""Jwt:Audience""],                  claims: claims,                  expires: DateTime.UtcNow.AddMinutes(expiresInMinutes),                  signingCredentials: credentials);"
Api.0001,Binary incompatible for selected .NET version,Active,Mandatory,1,Maui_Task\Maui_Task.Web\Maui_Task.Web.csproj,File,Maui_Task\Maui_Task.Web\Helpers\JwtHelper.cs,44,12,"M:System.IdentityModel.Tokens.Jwt.JwtSecurityToken.#ctor(System.String,System.String,System.Collections.Generic.IEnumerable{System.Security.Claims.Claim},System.Nullable{System.DateTime},System.Nullable{System.DateTime},Microsoft.IdentityModel.Tokens.SigningCredentials)",,,,,"var token = new JwtSecurityToken(                  issuer: _configuration[""Jwt:Issuer""],                  audience: _configuration[""Jwt:Audience""],                  claims: claims,                  expires: DateTime.UtcNow.AddMinutes(expiresInMinutes),                  signingCredentials: credentials);"
Api.0003,Behavioral change in selected .NET version,Active,Potential,1,Maui_Task\Maui_Task.Web\Maui_Task.Web.csproj,File,Maui_Task\Maui_Task.Web\Services\FormFactor.cs,13,12,P:System.Environment.OSVersion,,,,,return Environment.OSVersion.ToString();
Api.0002,Source incompatible for selected .NET version,Active,Potential,1,Maui_Task\Maui_Task.Web\Maui_Task.Web.csproj,File,Maui_Task\Maui_Task.Web\Extensions\TaskFlowServiceExtensions.cs,94,28,P:Microsoft.AspNetCore.Authentication.JwtBearer.MessageReceivedContext.Token,,,,,context.Token = accessToken;
Api.0002,Source incompatible for selected .NET version,Active,Potential,1,Maui_Task\Maui_Task.Web\Maui_Task.Web.csproj,File,Maui_Task\Maui_Task.Web\Extensions\TaskFlowServiceExtensions.cs,86,28,P:Microsoft.AspNetCore.Authentication.JwtBearer.MessageReceivedContext.Token,,,,,context.Token = cookieToken;
Api.0002,Source incompatible for selected .NET version,Active,Potential,1,Maui_Task\Maui_Task.Web\Maui_Task.Web.csproj,File,Maui_Task\Maui_Task.Web\Extensions\TaskFlowServiceExtensions.cs,48,16,P:Microsoft.AspNetCore.Authentication.JwtBearer.JwtBearerEvents.OnMessageReceived,,,,,"options.Events = new JwtBearerEvents                 {                     OnChallenge = async context =>                     {                         context.HandleResponse();                          var path = context.Request.Path;                         var accept = context.Request.Headers.Accept.ToString();                         var isApiOrHub = path.StartsWithSegments(""/api"") || path.StartsWithSegments(""/hubs"");                         var expectsHtml = accept.Contains(""text/html"", StringComparison.OrdinalIgnoreCase);                          if (!isApiOrHub && expectsHtml)                         {                             var returnUrl = Uri.EscapeDataString($""{context.Request.Path}{context.Request.QueryString}"");                             context.Response.Redirect($""/login?returnUrl={returnUrl}"");                             return;                         }                          context.Response.StatusCode = 401;                         context.Response.ContentType = ""application/json"";                         var errorResponse = new { success = false, message = ""Unauthorized. Please log in to continue."" };                         var json = JsonConvert.SerializeObject(errorResponse);                         await context.Response.Body.WriteAsync(System.Text.Encoding.UTF8.GetBytes(json));                     },                     OnForbidden = async context =>                     {                         context.Response.StatusCode = 403;                         context.Response.ContentType = ""application/json"";                         var errorResponse = new { success = false, message = ""You do not have permission to perform this action."" };                         var json = JsonConvert.SerializeObject(errorResponse);                         await context.Response.Body.WriteAsync(System.Text.Encoding.UTF8.GetBytes(json));                     },                     // Read JWT from cookie for normal requests and from query string for SignalR hub connections                     OnMessageReceived = context =>                     {                         var cookieToken = context.Request.Cookies[""taskflow_token""];                         if (!string.IsNullOrEmpty(cookieToken))                         {                             context.Token = cookieToken;                             return Task.CompletedTask;                         }                          var accessToken = context.Request.Query[""access_token""];                         var path = context.HttpContext.Request.Path;                         if (!string.IsNullOrEmpty(accessToken) && path.StartsWithSegments(""/hubs""))                         {                             context.Token = accessToken;                         }                         return Task.CompletedTask;                     }                 };"
Api.0002,Source incompatible for selected .NET version,Active,Potential,1,Maui_Task\Maui_Task.Web\Maui_Task.Web.csproj,File,Maui_Task\Maui_Task.Web\Extensions\TaskFlowServiceExtensions.cs,48,16,P:Microsoft.AspNetCore.Authentication.JwtBearer.JwtBearerEvents.OnForbidden,,,,,"options.Events = new JwtBearerEvents                 {                     OnChallenge = async context =>                     {                         context.HandleResponse();                          var path = context.Request.Path;                         var accept = context.Request.Headers.Accept.ToString();                         var isApiOrHub = path.StartsWithSegments(""/api"") || path.StartsWithSegments(""/hubs"");                         var expectsHtml = accept.Contains(""text/html"", StringComparison.OrdinalIgnoreCase);                          if (!isApiOrHub && expectsHtml)                         {                             var returnUrl = Uri.EscapeDataString($""{context.Request.Path}{context.Request.QueryString}"");                             context.Response.Redirect($""/login?returnUrl={returnUrl}"");                             return;                         }                          context.Response.StatusCode = 401;                         context.Response.ContentType = ""application/json"";                         var errorResponse = new { success = false, message = ""Unauthorized. Please log in to continue."" };                         var json = JsonConvert.SerializeObject(errorResponse);                         await context.Response.Body.WriteAsync(System.Text.Encoding.UTF8.GetBytes(json));                     },                     OnForbidden = async context =>                     {                         context.Response.StatusCode = 403;                         context.Response.ContentType = ""application/json"";                         var errorResponse = new { success = false, message = ""You do not have permission to perform this action."" };                         var json = JsonConvert.SerializeObject(errorResponse);                         await context.Response.Body.WriteAsync(System.Text.Encoding.UTF8.GetBytes(json));                     },                     // Read JWT from cookie for normal requests and from query string for SignalR hub connections                     OnMessageReceived = context =>                     {                         var cookieToken = context.Request.Cookies[""taskflow_token""];                         if (!string.IsNullOrEmpty(cookieToken))                         {                             context.Token = cookieToken;                             return Task.CompletedTask;                         }                          var accessToken = context.Request.Query[""access_token""];                         var path = context.HttpContext.Request.Path;                         if (!string.IsNullOrEmpty(accessToken) && path.StartsWithSegments(""/hubs""))                         {                             context.Token = accessToken;                         }                         return Task.CompletedTask;                     }                 };"
Api.0003,Behavioral change in selected .NET version,Active,Potential,1,Maui_Task\Maui_Task.Web\Maui_Task.Web.csproj,File,Maui_Task\Maui_Task.Web\Extensions\TaskFlowServiceExtensions.cs,61,28,T:System.Uri,,,,,"var returnUrl = Uri.EscapeDataString($""{context.Request.Path}{context.Request.QueryString}"");"
Api.0002,Source incompatible for selected .NET version,Active,Potential,1,Maui_Task\Maui_Task.Web\Maui_Task.Web.csproj,File,Maui_Task\Maui_Task.Web\Extensions\TaskFlowServiceExtensions.cs,52,24,M:Microsoft.AspNetCore.Authentication.JwtBearer.JwtBearerChallengeContext.HandleResponse,,,,,context.HandleResponse();
Api.0002,Source incompatible for selected .NET version,Active,Potential,1,Maui_Task\Maui_Task.Web\Maui_Task.Web.csproj,File,Maui_Task\Maui_Task.Web\Extensions\TaskFlowServiceExtensions.cs,48,16,P:Microsoft.AspNetCore.Authentication.JwtBearer.JwtBearerEvents.OnChallenge,,,,,"options.Events = new JwtBearerEvents                 {                     OnChallenge = async context =>                     {                         context.HandleResponse();                          var path = context.Request.Path;                         var accept = context.Request.Headers.Accept.ToString();                         var isApiOrHub = path.StartsWithSegments(""/api"") || path.StartsWithSegments(""/hubs"");                         var expectsHtml = accept.Contains(""text/html"", StringComparison.OrdinalIgnoreCase);                          if (!isApiOrHub && expectsHtml)                         {                             var returnUrl = Uri.EscapeDataString($""{context.Request.Path}{context.Request.QueryString}"");                             context.Response.Redirect($""/login?returnUrl={returnUrl}"");                             return;                         }                          context.Response.StatusCode = 401;                         context.Response.ContentType = ""application/json"";                         var errorResponse = new { success = false, message = ""Unauthorized. Please log in to continue."" };                         var json = JsonConvert.SerializeObject(errorResponse);                         await context.Response.Body.WriteAsync(System.Text.Encoding.UTF8.GetBytes(json));                     },                     OnForbidden = async context =>                     {                         context.Response.StatusCode = 403;                         context.Response.ContentType = ""application/json"";                         var errorResponse = new { success = false, message = ""You do not have permission to perform this action."" };                         var json = JsonConvert.SerializeObject(errorResponse);                         await context.Response.Body.WriteAsync(System.Text.Encoding.UTF8.GetBytes(json));                     },                     // Read JWT from cookie for normal requests and from query string for SignalR hub connections                     OnMessageReceived = context =>                     {                         var cookieToken = context.Request.Cookies[""taskflow_token""];                         if (!string.IsNullOrEmpty(cookieToken))                         {                             context.Token = cookieToken;                             return Task.CompletedTask;                         }                          var accessToken = context.Request.Query[""access_token""];                         var path = context.HttpContext.Request.Path;                         if (!string.IsNullOrEmpty(accessToken) && path.StartsWithSegments(""/hubs""))                         {                             context.Token = accessToken;                         }                         return Task.CompletedTask;                     }                 };"
Api.0002,Source incompatible for selected .NET version,Active,Potential,1,Maui_Task\Maui_Task.Web\Maui_Task.Web.csproj,File,Maui_Task\Maui_Task.Web\Extensions\TaskFlowServiceExtensions.cs,48,16,T:Microsoft.AspNetCore.Authentication.JwtBearer.JwtBearerEvents,,,,,"options.Events = new JwtBearerEvents                 {                     OnChallenge = async context =>                     {                         context.HandleResponse();                          var path = context.Request.Path;                         var accept = context.Request.Headers.Accept.ToString();                         var isApiOrHub = path.StartsWithSegments(""/api"") || path.StartsWithSegments(""/hubs"");                         var expectsHtml = accept.Contains(""text/html"", StringComparison.OrdinalIgnoreCase);                          if (!isApiOrHub && expectsHtml)                         {                             var returnUrl = Uri.EscapeDataString($""{context.Request.Path}{context.Request.QueryString}"");                             context.Response.Redirect($""/login?returnUrl={returnUrl}"");                             return;                         }                          context.Response.StatusCode = 401;                         context.Response.ContentType = ""application/json"";                         var errorResponse = new { success = false, message = ""Unauthorized. Please log in to continue."" };                         var json = JsonConvert.SerializeObject(errorResponse);                         await context.Response.Body.WriteAsync(System.Text.Encoding.UTF8.GetBytes(json));                     },                     OnForbidden = async context =>                     {                         context.Response.StatusCode = 403;                         context.Response.ContentType = ""application/json"";                         var errorResponse = new { success = false, message = ""You do not have permission to perform this action."" };                         var json = JsonConvert.SerializeObject(errorResponse);                         await context.Response.Body.WriteAsync(System.Text.Encoding.UTF8.GetBytes(json));                     },                     // Read JWT from cookie for normal requests and from query string for SignalR hub connections                     OnMessageReceived = context =>                     {                         var cookieToken = context.Request.Cookies[""taskflow_token""];                         if (!string.IsNullOrEmpty(cookieToken))                         {                             context.Token = cookieToken;                             return Task.CompletedTask;                         }                          var accessToken = context.Request.Query[""access_token""];                         var path = context.HttpContext.Request.Path;                         if (!string.IsNullOrEmpty(accessToken) && path.StartsWithSegments(""/hubs""))                         {                             context.Token = accessToken;                         }                         return Task.CompletedTask;                     }                 };"
Api.0002,Source incompatible for selected .NET version,Active,Potential,1,Maui_Task\Maui_Task.Web\Maui_Task.Web.csproj,File,Maui_Task\Maui_Task.Web\Extensions\TaskFlowServiceExtensions.cs,48,16,M:Microsoft.AspNetCore.Authentication.JwtBearer.JwtBearerEvents.#ctor,,,,,"options.Events = new JwtBearerEvents                 {                     OnChallenge = async context =>                     {                         context.HandleResponse();                          var path = context.Request.Path;                         var accept = context.Request.Headers.Accept.ToString();                         var isApiOrHub = path.StartsWithSegments(""/api"") || path.StartsWithSegments(""/hubs"");                         var expectsHtml = accept.Contains(""text/html"", StringComparison.OrdinalIgnoreCase);                          if (!isApiOrHub && expectsHtml)                         {                             var returnUrl = Uri.EscapeDataString($""{context.Request.Path}{context.Request.QueryString}"");                             context.Response.Redirect($""/login?returnUrl={returnUrl}"");                             return;                         }                          context.Response.StatusCode = 401;                         context.Response.ContentType = ""application/json"";                         var errorResponse = new { success = false, message = ""Unauthorized. Please log in to continue."" };                         var json = JsonConvert.SerializeObject(errorResponse);                         await context.Response.Body.WriteAsync(System.Text.Encoding.UTF8.GetBytes(json));                     },                     OnForbidden = async context =>                     {                         context.Response.StatusCode = 403;                         context.Response.ContentType = ""application/json"";                         var errorResponse = new { success = false, message = ""You do not have permission to perform this action."" };                         var json = JsonConvert.SerializeObject(errorResponse);                         await context.Response.Body.WriteAsync(System.Text.Encoding.UTF8.GetBytes(json));                     },                     // Read JWT from cookie for normal requests and from query string for SignalR hub connections                     OnMessageReceived = context =>                     {                         var cookieToken = context.Request.Cookies[""taskflow_token""];                         if (!string.IsNullOrEmpty(cookieToken))                         {                             context.Token = cookieToken;                             return Task.CompletedTask;                         }                          var accessToken = context.Request.Query[""access_token""];                         var path = context.HttpContext.Request.Path;                         if (!string.IsNullOrEmpty(accessToken) && path.StartsWithSegments(""/hubs""))                         {                             context.Token = accessToken;                         }                         return Task.CompletedTask;                     }                 };"
Api.0002,Source incompatible for selected .NET version,Active,Potential,1,Maui_Task\Maui_Task.Web\Maui_Task.Web.csproj,File,Maui_Task\Maui_Task.Web\Extensions\TaskFlowServiceExtensions.cs,48,16,T:Microsoft.AspNetCore.Authentication.JwtBearer.JwtBearerEvents,,,,,"options.Events = new JwtBearerEvents                 {                     OnChallenge = async context =>                     {                         context.HandleResponse();                          var path = context.Request.Path;                         var accept = context.Request.Headers.Accept.ToString();                         var isApiOrHub = path.StartsWithSegments(""/api"") || path.StartsWithSegments(""/hubs"");                         var expectsHtml = accept.Contains(""text/html"", StringComparison.OrdinalIgnoreCase);                          if (!isApiOrHub && expectsHtml)                         {                             var returnUrl = Uri.EscapeDataString($""{context.Request.Path}{context.Request.QueryString}"");                             context.Response.Redirect($""/login?returnUrl={returnUrl}"");                             return;                         }                          context.Response.StatusCode = 401;                         context.Response.ContentType = ""application/json"";                         var errorResponse = new { success = false, message = ""Unauthorized. Please log in to continue."" };                         var json = JsonConvert.SerializeObject(errorResponse);                         await context.Response.Body.WriteAsync(System.Text.Encoding.UTF8.GetBytes(json));                     },                     OnForbidden = async context =>                     {                         context.Response.StatusCode = 403;                         context.Response.ContentType = ""application/json"";                         var errorResponse = new { success = false, message = ""You do not have permission to perform this action."" };                         var json = JsonConvert.SerializeObject(errorResponse);                         await context.Response.Body.WriteAsync(System.Text.Encoding.UTF8.GetBytes(json));                     },                     // Read JWT from cookie for normal requests and from query string for SignalR hub connections                     OnMessageReceived = context =>                     {                         var cookieToken = context.Request.Cookies[""taskflow_token""];                         if (!string.IsNullOrEmpty(cookieToken))                         {                             context.Token = cookieToken;                             return Task.CompletedTask;                         }                          var accessToken = context.Request.Query[""access_token""];                         var path = context.HttpContext.Request.Path;                         if (!string.IsNullOrEmpty(accessToken) && path.StartsWithSegments(""/hubs""))                         {                             context.Token = accessToken;                         }                         return Task.CompletedTask;                     }                 };"
Api.0002,Source incompatible for selected .NET version,Active,Potential,1,Maui_Task\Maui_Task.Web\Maui_Task.Web.csproj,File,Maui_Task\Maui_Task.Web\Extensions\TaskFlowServiceExtensions.cs,48,16,P:Microsoft.AspNetCore.Authentication.JwtBearer.JwtBearerOptions.Events,,,,,"options.Events = new JwtBearerEvents                 {                     OnChallenge = async context =>                     {                         context.HandleResponse();                          var path = context.Request.Path;                         var accept = context.Request.Headers.Accept.ToString();                         var isApiOrHub = path.StartsWithSegments(""/api"") || path.StartsWithSegments(""/hubs"");                         var expectsHtml = accept.Contains(""text/html"", StringComparison.OrdinalIgnoreCase);                          if (!isApiOrHub && expectsHtml)                         {                             var returnUrl = Uri.EscapeDataString($""{context.Request.Path}{context.Request.QueryString}"");                             context.Response.Redirect($""/login?returnUrl={returnUrl}"");                             return;                         }                          context.Response.StatusCode = 401;                         context.Response.ContentType = ""application/json"";                         var errorResponse = new { success = false, message = ""Unauthorized. Please log in to continue."" };                         var json = JsonConvert.SerializeObject(errorResponse);                         await context.Response.Body.WriteAsync(System.Text.Encoding.UTF8.GetBytes(json));                     },                     OnForbidden = async context =>                     {                         context.Response.StatusCode = 403;                         context.Response.ContentType = ""application/json"";                         var errorResponse = new { success = false, message = ""You do not have permission to perform this action."" };                         var json = JsonConvert.SerializeObject(errorResponse);                         await context.Response.Body.WriteAsync(System.Text.Encoding.UTF8.GetBytes(json));                     },                     // Read JWT from cookie for normal requests and from query string for SignalR hub connections                     OnMessageReceived = context =>                     {                         var cookieToken = context.Request.Cookies[""taskflow_token""];                         if (!string.IsNullOrEmpty(cookieToken))                         {                             context.Token = cookieToken;                             return Task.CompletedTask;                         }                          var accessToken = context.Request.Query[""access_token""];                         var path = context.HttpContext.Request.Path;                         if (!string.IsNullOrEmpty(accessToken) && path.StartsWithSegments(""/hubs""))                         {                             context.Token = accessToken;                         }                         return Task.CompletedTask;                     }                 };"
Api.0002,Source incompatible for selected .NET version,Active,Potential,1,Maui_Task\Maui_Task.Web\Maui_Task.Web.csproj,File,Maui_Task\Maui_Task.Web\Extensions\TaskFlowServiceExtensions.cs,36,16,P:Microsoft.AspNetCore.Authentication.JwtBearer.JwtBearerOptions.TokenValidationParameters,,,,,"options.TokenValidationParameters = new TokenValidationParameters                 {                     ValidateIssuer = true,                     ValidateAudience = true,                     ValidateLifetime = true,                     ValidateIssuerSigningKey = true,                     ValidIssuer = jwtIssuer,                     ValidAudience = jwtAudience,                     IssuerSigningKey = new SymmetricSecurityKey(Encoding.UTF8.GetBytes(jwtKey))                 };"
Api.0002,Source incompatible for selected .NET version,Active,Potential,1,Maui_Task\Maui_Task.Web\Maui_Task.Web.csproj,File,Maui_Task\Maui_Task.Web\Extensions\TaskFlowServiceExtensions.cs,32,16,T:Microsoft.AspNetCore.Authentication.JwtBearer.JwtBearerDefaults,,,,,options.DefaultChallengeScheme = JwtBearerDefaults.AuthenticationScheme;
Api.0002,Source incompatible for selected .NET version,Active,Potential,1,Maui_Task\Maui_Task.Web\Maui_Task.Web.csproj,File,Maui_Task\Maui_Task.Web\Extensions\TaskFlowServiceExtensions.cs,32,16,F:Microsoft.AspNetCore.Authentication.JwtBearer.JwtBearerDefaults.AuthenticationScheme,,,,,options.DefaultChallengeScheme = JwtBearerDefaults.AuthenticationScheme;
Api.0002,Source incompatible for selected .NET version,Active,Potential,1,Maui_Task\Maui_Task.Web\Maui_Task.Web.csproj,File,Maui_Task\Maui_Task.Web\Extensions\TaskFlowServiceExtensions.cs,31,16,T:Microsoft.AspNetCore.Authentication.JwtBearer.JwtBearerDefaults,,,,,options.DefaultAuthenticateScheme = JwtBearerDefaults.AuthenticationScheme;
Api.0002,Source incompatible for selected .NET version,Active,Potential,1,Maui_Task\Maui_Task.Web\Maui_Task.Web.csproj,File,Maui_Task\Maui_Task.Web\Extensions\TaskFlowServiceExtensions.cs,31,16,F:Microsoft.AspNetCore.Authentication.JwtBearer.JwtBearerDefaults.AuthenticationScheme,,,,,options.DefaultAuthenticateScheme = JwtBearerDefaults.AuthenticationScheme;
Api.0002,Source incompatible for selected .NET version,Active,Potential,1,Maui_Task\Maui_Task.Web\Maui_Task.Web.csproj,File,Maui_Task\Maui_Task.Web\Extensions\TaskFlowServiceExtensions.cs,29,12,T:Microsoft.Extensions.DependencyInjection.JwtBearerExtensions,,,,,"services.AddAuthentication(options =>             {                 options.DefaultAuthenticateScheme = JwtBearerDefaults.AuthenticationScheme;                 options.DefaultChallengeScheme = JwtBearerDefaults.AuthenticationScheme;             })             .AddJwtBearer(options =>             {                 options.TokenValidationParameters = new TokenValidationParameters                 {                     ValidateIssuer = true,                     ValidateAudience = true,                     ValidateLifetime = true,                     ValidateIssuerSigningKey = true,                     ValidIssuer = jwtIssuer,                     ValidAudience = jwtAudience,                     IssuerSigningKey = new SymmetricSecurityKey(Encoding.UTF8.GetBytes(jwtKey))                 };                  // Return JSON for auth failures instead of default plain text                 options.Events = new JwtBearerEvents                 {                     OnChallenge = async context =>                     {                         context.HandleResponse();                          var path = context.Request.Path;                         var accept = context.Request.Headers.Accept.ToString();                         var isApiOrHub = path.StartsWithSegments(""/api"") || path.StartsWithSegments(""/hubs"");                         var expectsHtml = accept.Contains(""text/html"", StringComparison.OrdinalIgnoreCase);                          if (!isApiOrHub && expectsHtml)                         {                             var returnUrl = Uri.EscapeDataString($""{context.Request.Path}{context.Request.QueryString}"");                             context.Response.Redirect($""/login?returnUrl={returnUrl}"");                             return;                         }                          context.Response.StatusCode = 401;                         context.Response.ContentType = ""application/json"";                         var errorResponse = new { success = false, message = ""Unauthorized. Please log in to continue."" };                         var json = JsonConvert.SerializeObject(errorResponse);                         await context.Response.Body.WriteAsync(System.Text.Encoding.UTF8.GetBytes(json));                     },                     OnForbidden = async context =>                     {                         context.Response.StatusCode = 403;                         context.Response.ContentType = ""application/json"";                         var errorResponse = new { success = false, message = ""You do not have permission to perform this action."" };                         var json = JsonConvert.SerializeObject(errorResponse);                         await context.Response.Body.WriteAsync(System.Text.Encoding.UTF8.GetBytes(json));                     },                     // Read JWT from cookie for normal requests and from query string for SignalR hub connections                     OnMessageReceived = context =>                     {                         var cookieToken = context.Request.Cookies[""taskflow_token""];                         if (!string.IsNullOrEmpty(cookieToken))                         {                             context.Token = cookieToken;                             return Task.CompletedTask;                         }                          var accessToken = context.Request.Query[""access_token""];                         var path = context.HttpContext.Request.Path;                         if (!string.IsNullOrEmpty(accessToken) && path.StartsWithSegments(""/hubs""))                         {                             context.Token = accessToken;                         }                         return Task.CompletedTask;                     }                 };             });"
Api.0002,Source incompatible for selected .NET version,Active,Potential,1,Maui_Task\Maui_Task.Web\Maui_Task.Web.csproj,File,Maui_Task\Maui_Task.Web\Extensions\TaskFlowServiceExtensions.cs,29,12,"M:Microsoft.Extensions.DependencyInjection.JwtBearerExtensions.AddJwtBearer(Microsoft.AspNetCore.Authentication.AuthenticationBuilder,System.Action{Microsoft.AspNetCore.Authentication.JwtBearer.JwtBearerOptions})",,,,,"services.AddAuthentication(options =>             {                 options.DefaultAuthenticateScheme = JwtBearerDefaults.AuthenticationScheme;                 options.DefaultChallengeScheme = JwtBearerDefaults.AuthenticationScheme;             })             .AddJwtBearer(options =>             {                 options.TokenValidationParameters = new TokenValidationParameters                 {                     ValidateIssuer = true,                     ValidateAudience = true,                     ValidateLifetime = true,                     ValidateIssuerSigningKey = true,                     ValidIssuer = jwtIssuer,                     ValidAudience = jwtAudience,                     IssuerSigningKey = new SymmetricSecurityKey(Encoding.UTF8.GetBytes(jwtKey))                 };                  // Return JSON for auth failures instead of default plain text                 options.Events = new JwtBearerEvents                 {                     OnChallenge = async context =>                     {                         context.HandleResponse();                          var path = context.Request.Path;                         var accept = context.Request.Headers.Accept.ToString();                         var isApiOrHub = path.StartsWithSegments(""/api"") || path.StartsWithSegments(""/hubs"");                         var expectsHtml = accept.Contains(""text/html"", StringComparison.OrdinalIgnoreCase);                          if (!isApiOrHub && expectsHtml)                         {                             var returnUrl = Uri.EscapeDataString($""{context.Request.Path}{context.Request.QueryString}"");                             context.Response.Redirect($""/login?returnUrl={returnUrl}"");                             return;                         }                          context.Response.StatusCode = 401;                         context.Response.ContentType = ""application/json"";                         var errorResponse = new { success = false, message = ""Unauthorized. Please log in to continue."" };                         var json = JsonConvert.SerializeObject(errorResponse);                         await context.Response.Body.WriteAsync(System.Text.Encoding.UTF8.GetBytes(json));                     },                     OnForbidden = async context =>                     {                         context.Response.StatusCode = 403;                         context.Response.ContentType = ""application/json"";                         var errorResponse = new { success = false, message = ""You do not have permission to perform this action."" };                         var json = JsonConvert.SerializeObject(errorResponse);                         await context.Response.Body.WriteAsync(System.Text.Encoding.UTF8.GetBytes(json));                     },                     // Read JWT from cookie for normal requests and from query string for SignalR hub connections                     OnMessageReceived = context =>                     {                         var cookieToken = context.Request.Cookies[""taskflow_token""];                         if (!string.IsNullOrEmpty(cookieToken))                         {                             context.Token = cookieToken;                             return Task.CompletedTask;                         }                          var accessToken = context.Request.Query[""access_token""];                         var path = context.HttpContext.Request.Path;                         if (!string.IsNullOrEmpty(accessToken) && path.StartsWithSegments(""/hubs""))                         {                             context.Token = accessToken;                         }                         return Task.CompletedTask;                     }                 };             });"
Api.0001,Binary incompatible for selected .NET version,Active,Mandatory,1,Maui_Task\Maui_Task.Web\Maui_Task.Web.csproj,File,Maui_Task\Maui_Task.Web\Extensions\TaskFlowServiceExtensions.cs,21,12,T:Microsoft.Extensions.DependencyInjection.ServiceCollectionExtensions,,,,,services.AddAutoMapper(typeof(MappingProfile).Assembly);
Api.0003,Behavioral change in selected .NET version,Active,Potential,1,Maui_Task\Maui_Task.Web\Maui_Task.Web.csproj,File,Maui_Task\Maui_Task.Web\Program.cs,69,4,"M:Microsoft.AspNetCore.Builder.ExceptionHandlerExtensions.UseExceptionHandler(Microsoft.AspNetCore.Builder.IApplicationBuilder,System.String,System.Boolean)",,,,,"app.UseExceptionHandler(""/Error"", createScopeForErrors: true);"
Api.0003,Behavioral change in selected .NET version,Active,Potential,1,Maui_Task\Maui_Task.Web\Maui_Task.Web.csproj,File,Maui_Task\Maui_Task.Web\Program.cs,30,4,T:System.Uri,,,,,return new System.Net.Http.HttpClient { BaseAddress = new Uri(baseAddress) };
Api.0003,Behavioral change in selected .NET version,Active,Potential,1,Maui_Task\Maui_Task.Web\Maui_Task.Web.csproj,File,Maui_Task\Maui_Task.Web\Program.cs,30,4,M:System.Uri.#ctor(System.String),,,,,return new System.Net.Http.HttpClient { BaseAddress = new Uri(baseAddress) };
Api.0003,Behavioral change in selected .NET version,Active,Potential,1,Maui_Task\Maui_Task.Web\Maui_Task.Web.csproj,File,Maui_Task\Maui_Task.Web\Program.cs,30,4,T:System.Uri,,,,,return new System.Net.Http.HttpClient { BaseAddress = new Uri(baseAddress) };
